email,path,source,domain
3jvtsf-00000157307826841687584950000017025051270369838500-@4x-1-300x300.png,data/campaigns/turboship/indexes/emails/4x-1-300x300.png/3jvtsf-00000157307826841687584950000017025051270369838500.json,backfill,courtexconstruction.com
bbb-@2x-150x58.webp,data/campaigns/turboship/indexes/emails/2x-150x58.webp/bbb.json,backfill,texashardwoodflooring.com
experience@2x-100-600x350.jpg,data/campaigns/turboship/indexes/emails/2x-100-600x350.jpg/experience.json,backfill,peekscarpet.com
inspiration-02@2x-1-142x300.webp,data/campaigns/turboship/indexes/emails/2x-1-142x300.webp/inspiration-02.json,backfill,calvettabrothersmentor.com
14.1@3x-1-768x960.jpg,data/campaigns/turboship/indexes/emails/3x-1-768x960.jpg/14.1.json,backfill,ajhconstructionma.com
inspiration-02@2x-1.webp,data/campaigns/turboship/indexes/emails/2x-1.webp/inspiration-02.json,backfill,calvettabrothersmentor.com
osha-certified-hard-hat-sticker-red_530x@2x-1.webp,data/campaigns/turboship/indexes/emails/2x-1.webp/osha-certified-hard-hat-sticker-red_530x.json,backfill,apolloconstructioncorp.com
inspiration-03@2x-1.webp,data/campaigns/turboship/indexes/emails/2x-1.webp/inspiration-03.json,backfill,calvettabrothersmentor.com
visualizer-phone-inner@2x-1.webp,data/campaigns/turboship/indexes/emails/2x-1.webp/visualizer-phone-inner.json,backfill,floorconceptsinc.com
philadelphia-commercial-logo@2x-1.webp,data/campaigns/turboship/indexes/emails/2x-1.webp/philadelphia-commercial-logo.json,backfill,floorconceptsinc.com
footer-img_desktop@2x-24x9.png,data/campaigns/turboship/indexes/emails/2x-24x9.png/footer-img_desktop.json,backfill,bitly.com
mask-group-9@2x-768x591.png,data/campaigns/turboship/indexes/emails/2x-768x591.png/mask-group-9.json,backfill,signaturefloorsnyc.com
cropped-prancheta-2@3x-32x32.png,data/campaigns/turboship/indexes/emails/3x-32x32.png/cropped-prancheta-2.json,backfill,ajhconstructionma.com
14.1@3x-1-240x300.jpg,data/campaigns/turboship/indexes/emails/3x-1-240x300.jpg/14.1.json,backfill,ajhconstructionma.com
featured_vericorenaturalmapleblock_480x480@72ppi.jpg,data/campaigns/turboship/indexes/emails/72ppi.jpg/featured_vericorenaturalmapleblock_480x480.json,backfill,derrflooring.com
anderson-tuftex-logo@2x-300x192.webp,data/campaigns/turboship/indexes/emails/2x-300x192.webp/anderson-tuftex-logo.json,backfill,petersenscarpet.com
alt-logo_dk-bg@2x-1-1280x222.png,data/campaigns/turboship/indexes/emails/2x-1-1280x222.png/alt-logo_dk-bg.json,backfill,anointedflooring.com
experience@2x-100-300x175.jpg,data/campaigns/turboship/indexes/emails/2x-100-300x175.jpg/experience.json,backfill,peekscarpet.com
image_@2x-47.png,data/campaigns/turboship/indexes/emails/2x-47.png/image_.json,backfill,carolinacourtex.com
inspiration-03@2x-1-768x379.webp,data/campaigns/turboship/indexes/emails/2x-1-768x379.webp/inspiration-03.json,backfill,calvettabrothersmentor.com
brush@2x-300x188.png,data/campaigns/turboship/indexes/emails/2x-300x188.png/brush.json,backfill,kashianbros.com
image_@2x-44.png,data/campaigns/turboship/indexes/emails/2x-44.png/image_.json,backfill,carolinacourtex.com
alt-logo_dk-bg@2x-1-980x170.png,data/campaigns/turboship/indexes/emails/2x-1-980x170.png/alt-logo_dk-bg.json,backfill,anointedflooring.com
best_buy_carpet_logo_2@2x-300x72.png,data/campaigns/turboship/indexes/emails/2x-300x72.png/best_buy_carpet_logo_2.json,backfill,bestbuycarpet.com
screen-shot-2023-11-01-at-2.30.21-pm@2x-200x123.jpg,data/campaigns/turboship/indexes/emails/2x-200x123.jpg/screen-shot-2023-11-01-at-2.30.21-pm.json,backfill,structis.com
screen-shot-2023-11-01-at-2.29.55-pm@2x-200x123.jpg,data/campaigns/turboship/indexes/emails/2x-200x123.jpg/screen-shot-2023-11-01-at-2.29.55-pm.json,backfill,structis.com
e37f398b1e284cf5bb1bef649764fbd9@2x-200x123.jpg,data/campaigns/turboship/indexes/emails/2x-200x123.jpg/e37f398b1e284cf5bb1bef649764fbd9.json,backfill,structis.com
14.1@3x-1-scaled.jpg.webp,data/campaigns/turboship/indexes/emails/3x-1-scaled.jpg.webp/14.1.json,backfill,ajhconstructionma.com
clawes-flooring-announcement-banner@2x-1536x864.png,data/campaigns/turboship/indexes/emails/2x-1536x864.png/clawes-flooring-announcement-banner.json,backfill,clawesflooring.com
footer-img_mobile@2x-768x960.png,data/campaigns/turboship/indexes/emails/2x-768x960.png/footer-img_mobile.json,backfill,bitly.com
lu-lumiere@2.png,data/campaigns/turboship/indexes/emails/2.png/lu-lumiere.json,backfill,duraamen.com
pa-param@2.png,data/campaigns/turboship/indexes/emails/2.png/pa-param.json,backfill,duraamen.com
dynasty-flooring-brooklyn-@2.png,data/campaigns/turboship/indexes/emails/2.png/dynasty-flooring-brooklyn.json,backfill,nyhardwoodfloor.com
sk-skraffino@2.png,data/campaigns/turboship/indexes/emails/2.png/sk-skraffino.json,backfill,duraamen.com
player-graphics@2x.gif,data/campaigns/turboship/indexes/emails/2x.gif/player-graphics.json,backfill,davefox.com
preloader@2x.gif,data/campaigns/turboship/indexes/emails/2x.gif/preloader.json,backfill,michiganflooringllc.com
ajax-loader@2x.gif,data/campaigns/turboship/indexes/emails/2x.gif/ajax-loader.json,backfill,richardetfloorcovering.com
structis_about_hero@2x-scaled.jpg,data/campaigns/turboship/indexes/emails/2x-scaled.jpg/structis_about_hero.json,backfill,structis.com/locations/connecticut
subdomaindesktopheader@2x-scaled.jpg,data/campaigns/turboship/indexes/emails/2x-scaled.jpg/subdomaindesktopheader.json,backfill,greater-charleston.pauldavis.com
faucet-shower-straight-view@2x-scaled.jpg,data/campaigns/turboship/indexes/emails/2x-scaled.jpg/faucet-shower-straight-view.json,backfill,bath-fitter.com/consultation?source=18840&phone=1-844-888-2519
safety-seat-pearl-decor@2x-scaled.jpg,data/campaigns/turboship/indexes/emails/2x-scaled.jpg/safety-seat-pearl-decor.json,backfill,bath-fitter.com/consultation?source=18840&phone=1-844-888-2519
subdomain-form-img@2x-scaled.jpg,data/campaigns/turboship/indexes/emails/2x-scaled.jpg/subdomain-form-img.json,backfill,greater-charleston.pauldavis.com
details-window-shower-rendering@2x-scaled.jpg,data/campaigns/turboship/indexes/emails/2x-scaled.jpg/details-window-shower-rendering.json,backfill,bath-fitter.com/consultation?source=18840&phone=1-844-888-2519
concrete-floor-categories-concrete-microtoppings@2.jpg,data/campaigns/turboship/indexes/emails/2.jpg/concrete-floor-categories-concrete-microtoppings.json,backfill,duraamen.com
concrete-floor-categories-mma-coatings@2.jpg,data/campaigns/turboship/indexes/emails/2.jpg/concrete-floor-categories-mma-coatings.json,backfill,duraamen.com
concrete-floor-categories-urethane-modified-concrete@2.jpg,data/campaigns/turboship/indexes/emails/2.jpg/concrete-floor-categories-urethane-modified-concrete.json,backfill,duraamen.com
footer-img_desktop@2x-2048x806.png,data/campaigns/turboship/indexes/emails/2x-2048x806.png/footer-img_desktop.json,backfill,bitly.com
acgg2v-00000089545377560440191390000011318534170961065632-@4x-768x480.jpg,data/campaigns/turboship/indexes/emails/4x-768x480.jpg/acgg2v-00000089545377560440191390000011318534170961065632.json,backfill,courtexconstruction.com
image-2@2x-11x12.jpeg,data/campaigns/turboship/indexes/emails/2x-11x12.jpeg/image-2.json,backfill,shoplvpflooring.com
cropped-prancheta-2@3x-180x180.png,data/campaigns/turboship/indexes/emails/3x-180x180.png/cropped-prancheta-2.json,backfill,ajhconstructionma.com
react@16.14.0.js,data/campaigns/turboship/indexes/emails/16.14.0.js/react.json,backfill,lowes.com
react-dom@16.14.0.js,data/campaigns/turboship/indexes/emails/16.14.0.js/react-dom.json,backfill,lowes.com
cropped-submark_lt-bg@2x-180x180.png,data/campaigns/turboship/indexes/emails/2x-180x180.png/cropped-submark_lt-bg.json,backfill,anointedflooring.com
cropped-davesicon@2x-180x180.png,data/campaigns/turboship/indexes/emails/2x-180x180.png/cropped-davesicon.json,backfill,davesfloorrefinishing.com
logo_1@2x.webp,data/campaigns/turboship/indexes/emails/2x.webp/logo_1.json,backfill,ironcompany.com
image_1024x1024_2x_0b8bdc2a-1cad-4aae-9989-174e5825d503_300x300@2x.webp,data/campaigns/turboship/indexes/emails/2x.webp/image_1024x1024_2x_0b8bdc2a-1cad-4aae-9989-174e5825d503_300x300.json,backfill,buyandsellfitness.com
dsc00801_300x300@2x.webp,data/campaigns/turboship/indexes/emails/2x.webp/dsc00801_300x300.json,backfill,buyandsellfitness.com
dixie-home@2x.webp,data/campaigns/turboship/indexes/emails/2x.webp/dixie-home.json,backfill,randysflooring.com
logo_10@2x.webp,data/campaigns/turboship/indexes/emails/2x.webp/logo_10.json,backfill,ironcompany.com
bbb-@2x.webp,data/campaigns/turboship/indexes/emails/2x.webp/bbb.json,backfill,texashardwoodflooring.com
time_payment_d@2x.webp,data/campaigns/turboship/indexes/emails/2x.webp/time_payment_d.json,backfill,ironcompany.com
logo_9@2x.webp,data/campaigns/turboship/indexes/emails/2x.webp/logo_9.json,backfill,ironcompany.com
logo_6@2x.webp,data/campaigns/turboship/indexes/emails/2x.webp/logo_6.json,backfill,ironcompany.com
power-leverage-v2-iso-lateral-sprint-trainer_pl-pv2-st_7_300x300@2x.webp,data/campaigns/turboship/indexes/emails/2x.webp/power-leverage-v2-iso-lateral-sprint-trainer_pl-pv2-st_7_300x300.json,backfill,buyandsellfitness.com
reviews-icon@2x.webp,data/campaigns/turboship/indexes/emails/2x.webp/reviews-icon.json,backfill,floorconceptsinc.com
power-leverage-v2-belt-squat_pl-pv2-bs_8_a8b7302c-a752-462b-ad45-0838adefc2bd_300x300@2x.webp,data/campaigns/turboship/indexes/emails/2x.webp/power-leverage-v2-belt-squat_pl-pv2-bs_8_a8b7302c-a752-462b-ad45-0838adefc2bd_300x300.json,backfill,buyandsellfitness.com
wilcox@2x.webp,data/campaigns/turboship/indexes/emails/2x.webp/wilcox.json,backfill,randysflooring.com
img_2_m@2x.webp,data/campaigns/turboship/indexes/emails/2x.webp/img_2_m.json,backfill,ironcompany.com
free-estimate-icon@2x.webp,data/campaigns/turboship/indexes/emails/2x.webp/free-estimate-icon.json,backfill,floorconceptsinc.com
canopy@2x.webp,data/campaigns/turboship/indexes/emails/2x.webp/canopy.json,backfill,randysflooring.com
shaw-floors-logo@2x.webp,data/campaigns/turboship/indexes/emails/2x.webp/shaw-floors-logo.json,backfill,floorconceptsinc.com
logo_4@2x.webp,data/campaigns/turboship/indexes/emails/2x.webp/logo_4.json,backfill,ironcompany.com
daltile-logo@2x.webp,data/campaigns/turboship/indexes/emails/2x.webp/daltile-logo.json,backfill,floorconceptsinc.com
anderson-tuftex-logo@2x.webp,data/campaigns/turboship/indexes/emails/2x.webp/anderson-tuftex-logo.json,backfill,floorconceptsinc.com
isolateralseatedrowexp-1618b_300x300@2x.webp,data/campaigns/turboship/indexes/emails/2x.webp/isolateralseatedrowexp-1618b_300x300.json,backfill,buyandsellfitness.com
logo_2@2x.webp,data/campaigns/turboship/indexes/emails/2x.webp/logo_2.json,backfill,ironcompany.com
seatedlegextensionexs-5002_a18da761-ac16-4ea4-a566-2b01355c41ce_300x300@2x.webp,data/campaigns/turboship/indexes/emails/2x.webp/seatedlegextensionexs-5002_a18da761-ac16-4ea4-a566-2b01355c41ce_300x300.json,backfill,buyandsellfitness.com
image_1024x1024_2x_82f8cf20-7540-46ee-8df0-2e94e251e6dc_300x300@2x.webp,data/campaigns/turboship/indexes/emails/2x.webp/image_1024x1024_2x_82f8cf20-7540-46ee-8df0-2e94e251e6dc_300x300.json,backfill,buyandsellfitness.com
img_4_m@2x.webp,data/campaigns/turboship/indexes/emails/2x.webp/img_4_m.json,backfill,ironcompany.com
img_1_m@2x.webp,data/campaigns/turboship/indexes/emails/2x.webp/img_1_m.json,backfill,ironcompany.com
masland@2x.webp,data/campaigns/turboship/indexes/emails/2x.webp/masland.json,backfill,randysflooring.com
globe@2x.webp,data/campaigns/turboship/indexes/emails/2x.webp/globe.json,backfill,sportsurfaces.com
mannington-logo@2x.webp,data/campaigns/turboship/indexes/emails/2x.webp/mannington-logo.json,backfill,floorconceptsinc.com
logo_8@2x.webp,data/campaigns/turboship/indexes/emails/2x.webp/logo_8.json,backfill,ironcompany.com
financing-icon@2x.webp,data/campaigns/turboship/indexes/emails/2x.webp/financing-icon.json,backfill,floorconceptsinc.com
stanton-logo@2x.webp,data/campaigns/turboship/indexes/emails/2x.webp/stanton-logo.json,backfill,floorconceptsinc.com
logo_7@2x.webp,data/campaigns/turboship/indexes/emails/2x.webp/logo_7.json,backfill,ironcompany.com
philadelphia-commercial-logo@2x.webp,data/campaigns/turboship/indexes/emails/2x.webp/philadelphia-commercial-logo.json,backfill,randysflooring.com
randys-reviews-homeimg@2x.webp,data/campaigns/turboship/indexes/emails/2x.webp/randys-reviews-homeimg.json,backfill,randysflooring.com
mannington@2x.webp,data/campaigns/turboship/indexes/emails/2x.webp/mannington.json,backfill,randysflooring.com
img_3_d@2x.webp,data/campaigns/turboship/indexes/emails/2x.webp/img_3_d.json,backfill,ironcompany.com
randys-guarantee-homeimg@2x.webp,data/campaigns/turboship/indexes/emails/2x.webp/randys-guarantee-homeimg.json,backfill,randysflooring.com
fabrica-logo@2x.webp,data/campaigns/turboship/indexes/emails/2x.webp/fabrica-logo.json,backfill,randysflooring.com
img_2_d@2x.webp,data/campaigns/turboship/indexes/emails/2x.webp/img_2_d.json,backfill,ironcompany.com
legextension_pronelegcurlcomboexs-5058_300x300@2x.webp,data/campaigns/turboship/indexes/emails/2x.webp/legextension_pronelegcurlcomboexs-5058_300x300.json,backfill,buyandsellfitness.com
hallmark-floors@2x.webp,data/campaigns/turboship/indexes/emails/2x.webp/hallmark-floors.json,backfill,randysflooring.com
time_payment_m@2x.webp,data/campaigns/turboship/indexes/emails/2x.webp/time_payment_m.json,backfill,ironcompany.com
img_1_d@2x.webp,data/campaigns/turboship/indexes/emails/2x.webp/img_1_d.json,backfill,ironcompany.com
img_4_d@2x.webp,data/campaigns/turboship/indexes/emails/2x.webp/img_4_d.json,backfill,ironcompany.com
logo_5@2x.webp,data/campaigns/turboship/indexes/emails/2x.webp/logo_5.json,backfill,ironcompany.com
img_3_m@2x.webp,data/campaigns/turboship/indexes/emails/2x.webp/img_3_m.json,backfill,ironcompany.com
flags@2x.webp,data/campaigns/turboship/indexes/emails/2x.webp/flags.json,backfill,sportsurfaces.com
prohome-logo@2x.webp,data/campaigns/turboship/indexes/emails/2x.webp/prohome-logo.json,backfill,prohomemi.com
logo_3@2x.webp,data/campaigns/turboship/indexes/emails/2x.webp/logo_3.json,backfill,ironcompany.com
coretec-logo@2x.webp,data/campaigns/turboship/indexes/emails/2x.webp/coretec-logo.json,backfill,floorconceptsinc.com
log2@2x-1.png.bv.webp,data/campaigns/turboship/indexes/emails/2x-1.png.bv.webp/log2.json,backfill,peekscarpet.com
log1@2x-1.png.bv.webp,data/campaigns/turboship/indexes/emails/2x-1.png.bv.webp/log1.json,backfill,peekscarpet.com
image-2@2x-277x300.jpeg,data/campaigns/turboship/indexes/emails/2x-277x300.jpeg/image-2.json,backfill,shoplvpflooring.com
image_@2x-46-300x201.png,data/campaigns/turboship/indexes/emails/2x-46-300x201.png/image_.json,backfill,courtexconstruction.com
image-1@2x-1-10x12.jpeg,data/campaigns/turboship/indexes/emails/2x-1-10x12.jpeg/image-1.json,backfill,shoplvpflooring.com
nopath-copy-34@2x-891x1024.png,data/campaigns/turboship/indexes/emails/2x-891x1024.png/nopath-copy-34.json,backfill,signaturefloorsnyc.com
footer-img_desktop@2x-36x14.png,data/campaigns/turboship/indexes/emails/2x-36x14.png/footer-img_desktop.json,backfill,bitly.com
footer-img_mobile@2x-819x1024.png,data/campaigns/turboship/indexes/emails/2x-819x1024.png/footer-img_mobile.json,backfill,bitly.com
mask@2x-1-1024x646.jpeg,data/campaigns/turboship/indexes/emails/2x-1-1024x646.jpeg/mask.json,backfill,shoplvpflooring.com
64e57c79189f4c7f6f85dd72196da50c@2x-200x124.jpg,data/campaigns/turboship/indexes/emails/2x-200x124.jpg/64e57c79189f4c7f6f85dd72196da50c.json,backfill,structis.com
screen-shot-2023-11-01-at-2.30.40-pm@2x-200x124.jpg,data/campaigns/turboship/indexes/emails/2x-200x124.jpg/screen-shot-2023-11-01-at-2.30.40-pm.json,backfill,structis.com
6a-port-north-bridge-s-dsc_9203@2x-200x124.jpg,data/campaigns/turboship/indexes/emails/2x-200x124.jpg/6a-port-north-bridge-s-dsc_9203.json,backfill,structis.com
copy-of-house42_maxxon_20210413-154@2x-200x124.jpg,data/campaigns/turboship/indexes/emails/2x-200x124.jpg/copy-of-house42_maxxon_20210413-154.json,backfill,structis.com
123_11@2x-200x124.jpg,data/campaigns/turboship/indexes/emails/2x-200x124.jpg/123_11.json,backfill,structis.com
footer-img_desktop@2x-48x19.png,data/campaigns/turboship/indexes/emails/2x-48x19.png/footer-img_desktop.json,backfill,bitly.com
mask-group-9@2x-300x231.png,data/campaigns/turboship/indexes/emails/2x-300x231.png/mask-group-9.json,backfill,signaturefloorsnyc.com
footer-img_mobile@2x-38x48.png,data/campaigns/turboship/indexes/emails/2x-38x48.png/footer-img_mobile.json,backfill,bitly.com
slaughterbeckfloors-logo@2x-48x10.png,data/campaigns/turboship/indexes/emails/2x-48x10.png/slaughterbeckfloors-logo.json,backfill,slaughterbeckfloors.com
i-close-m-n@2x.png,data/campaigns/turboship/indexes/emails/2x.png/i-close-m-n.json,backfill,nycarpetinstallation.com
vertical_menu_minus_black@2x.png,data/campaigns/turboship/indexes/emails/2x.png/vertical_menu_minus_black.json,backfill,parkplaceconstruction.net
5_1_online_payments@2x.png,data/campaigns/turboship/indexes/emails/2x.png/5_1_online_payments.json,backfill,houzz.com
popup-logo@2x.png,data/campaigns/turboship/indexes/emails/2x.png/popup-logo.json,backfill,apco.com
5stars@2x.png,data/campaigns/turboship/indexes/emails/2x.png/5stars.json,backfill,loudounvalleyfloors.com
1_2_request_reviews@2x.png,data/campaigns/turboship/indexes/emails/2x.png/1_2_request_reviews.json,backfill,houzz.com
abm_logo_icon_wordmark_white_2a2ac928-1ba1-416c-8b0d-3e0e8f264465_120x@2x.png,data/campaigns/turboship/indexes/emails/2x.png/abm_logo_icon_wordmark_white_2a2ac928-1ba1-416c-8b0d-3e0e8f264465_120x.json,backfill,aquablumosaics.com
4halfstars@2x.png,data/campaigns/turboship/indexes/emails/2x.png/4halfstars.json,backfill,loudounvalleyfloors.com
logo-king_floor_110x@2x.png,data/campaigns/turboship/indexes/emails/2x.png/logo-king_floor_110x.json,backfill,kfsct.com
3_2_send_a_test_estimate_gc@2x.png,data/campaigns/turboship/indexes/emails/2x.png/3_2_send_a_test_estimate_gc.json,backfill,houzz.com
badge181_25@2x.png,data/campaigns/turboship/indexes/emails/2x.png/badge181_25.json,backfill,renovationflooring.com
raster_dot@2x.png,data/campaigns/turboship/indexes/emails/2x.png/raster_dot.json,backfill,torrestotalflooring.com
image_png248753473_300x300@2x.png,data/campaigns/turboship/indexes/emails/2x.png/image_png248753473_300x300.json,backfill,buyandsellfitness.com
vertical_menu_cross_white@2x.png,data/campaigns/turboship/indexes/emails/2x.png/vertical_menu_cross_white.json,backfill,parkplaceconstruction.net
badge-logo-lt-bg@2x.png,data/campaigns/turboship/indexes/emails/2x.png/badge-logo-lt-bg.json,backfill,anointedflooring.com
tff-logo_140x@2x.png,data/campaigns/turboship/indexes/emails/2x.png/tff-logo_140x.json,backfill,theflooringfactory.com
2021-04-21_300x@2x.png,data/campaigns/turboship/indexes/emails/2x.png/2021-04-21_300x.json,backfill,buyandsellfitness.com
close@2x.png,data/campaigns/turboship/indexes/emails/2x.png/close.json,backfill,apco.com
yellow-hash@2x.png,data/campaigns/turboship/indexes/emails/2x.png/yellow-hash.json,backfill,granitegaragefloors.com
i-burger-m@2x.png,data/campaigns/turboship/indexes/emails/2x.png/i-burger-m.json,backfill,nycarpetinstallation.com
26px-social@2x.png,data/campaigns/turboship/indexes/emails/2x.png/26px-social.json,backfill,draperfloors.com
dayco_move-forward-always_160x160@2x.png,data/campaigns/turboship/indexes/emails/2x.png/dayco_move-forward-always_160x160.json,backfill,metrorubber.com
vertical_menu_cross_black@2x.png,data/campaigns/turboship/indexes/emails/2x.png/vertical_menu_cross_black.json,backfill,parkplaceconstruction.net
installed_right_logo_horizontal@2x.png,data/campaigns/turboship/indexes/emails/2x.png/installed_right_logo_horizontal.json,backfill,installedrightservices.com
rockhill-logo-fullcolor@2x.png,data/campaigns/turboship/indexes/emails/2x.png/rockhill-logo-fullcolor.json,backfill,https://www.capitalcarpetonline.com/
badge_54_8@2x.png,data/campaigns/turboship/indexes/emails/2x.png/badge_54_8.json,backfill,https://houserus.builders/
jacks_logo_65ad007c-7afc-4815-8925-7df702b27ff8_400x@2x.png,data/campaigns/turboship/indexes/emails/2x.png/jacks_logo_65ad007c-7afc-4815-8925-7df702b27ff8_400x.json,backfill,tryjacks1st.com
hero-img_desktop@2x.png,data/campaigns/turboship/indexes/emails/2x.png/hero-img_desktop.json,backfill,bitly.com
image_png268873898_300x300@2x.png,data/campaigns/turboship/indexes/emails/2x.png/image_png268873898_300x300.json,backfill,buyandsellfitness.com
8a580030-31d8-4de2-8641-5ed5adf1ef37_60x60@2x.png,data/campaigns/turboship/indexes/emails/2x.png/8a580030-31d8-4de2-8641-5ed5adf1ef37_60x60.json,backfill,buyandsellfitness.com
8503@2x.png,data/campaigns/turboship/indexes/emails/2x.png/8503.json,backfill,modulardocks.com
form-arrow-white@2x.png,data/campaigns/turboship/indexes/emails/2x.png/form-arrow-white.json,backfill,casedesign.com
badge_41_8@2x.png,data/campaigns/turboship/indexes/emails/2x.png/badge_41_8.json,backfill,makhomedesign.com
dynasty-mobile@2x.png,data/campaigns/turboship/indexes/emails/2x.png/dynasty-mobile.json,backfill,nyhardwoodfloor.com
brush@2x.png,data/campaigns/turboship/indexes/emails/2x.png/brush.json,backfill,kashianbros.com
ic3@2x.png,data/campaigns/turboship/indexes/emails/2x.png/ic3.json,backfill,dallasflooringwarehouse.com
raster@2x.png,data/campaigns/turboship/indexes/emails/2x.png/raster.json,backfill,torrestotalflooring.com
ic2@2x.png,data/campaigns/turboship/indexes/emails/2x.png/ic2.json,backfill,dallasflooringwarehouse.com
footer-img_mobile@2x.png,data/campaigns/turboship/indexes/emails/2x.png/footer-img_mobile.json,backfill,bitly.com
image_png_1646765875_60x60@2x.png,data/campaigns/turboship/indexes/emails/2x.png/image_png_1646765875_60x60.json,backfill,buyandsellfitness.com
lumber_equipment_and_hardware_1800x800_shopify_slider_580x@2x.png,data/campaigns/turboship/indexes/emails/2x.png/lumber_equipment_and_hardware_1800x800_shopify_slider_580x.json,backfill,stpetershardware.com
esb250_fake-black_v2_2000px_300x300@2x.png,data/campaigns/turboship/indexes/emails/2x.png/esb250_fake-black_v2_2000px_300x300.json,backfill,buyandsellfitness.com
provenza-logo-dark@2x.png,data/campaigns/turboship/indexes/emails/2x.png/provenza-logo-dark.json,backfill,loudounvalleyfloors.com
1_3_get_your_website@2x.png,data/campaigns/turboship/indexes/emails/2x.png/1_3_get_your_website.json,backfill,houzz.com
2024-iamgold-sustainability-report_final@2x.png,data/campaigns/turboship/indexes/emails/2x.png/2024-iamgold-sustainability-report_final.json,backfill,iamgold.com/english/home/default.aspx
ca9f1232-a174-4e3d-9210-3a25de959004_300x300@2x.png,data/campaigns/turboship/indexes/emails/2x.png/ca9f1232-a174-4e3d-9210-3a25de959004_300x300.json,backfill,buyandsellfitness.com
source-houzz@2x.png,data/campaigns/turboship/indexes/emails/2x.png/source-houzz.json,backfill,granitegaragefloors.com
logo-jeffs_list@2x.png,data/campaigns/turboship/indexes/emails/2x.png/logo-jeffs_list.json,backfill,qualitywindowanddoorinc.com
77100_indoor_bike_1_300x300@2x.png,data/campaigns/turboship/indexes/emails/2x.png/77100_indoor_bike_1_300x300.json,backfill,buyandsellfitness.com
log2@2x.png,data/campaigns/turboship/indexes/emails/2x.png/log2.json,backfill,dallasflooringwarehouse.com
footer-img_desktop@2x.png,data/campaigns/turboship/indexes/emails/2x.png/footer-img_desktop.json,backfill,bitly.com
source-facebook@2x.png,data/campaigns/turboship/indexes/emails/2x.png/source-facebook.json,backfill,granitegaragefloors.com
floors2u_logo_copy_280x@2x.png,data/campaigns/turboship/indexes/emails/2x.png/floors2u_logo_copy_280x.json,backfill,floors2ustore.com
map_transparent_dark@2x.png,data/campaigns/turboship/indexes/emails/2x.png/map_transparent_dark.json,backfill,northsidefloors.com
stars@2x.png,data/campaigns/turboship/indexes/emails/2x.png/stars.json,backfill,ggcflooring.com
paytomorrow_logo@2x.png,data/campaigns/turboship/indexes/emails/2x.png/paytomorrow_logo.json,backfill,ironcompany.com
source-google@2x.png,data/campaigns/turboship/indexes/emails/2x.png/source-google.json,backfill,granitegaragefloors.com
14495@2x.png,data/campaigns/turboship/indexes/emails/2x.png/14495.json,backfill,modulardocks.com
sky2@2x.png,data/campaigns/turboship/indexes/emails/2x.png/sky2.json,backfill,skyflooringusa.com
best_buy_carpet_logo_2@2x.png,data/campaigns/turboship/indexes/emails/2x.png/best_buy_carpet_logo_2.json,backfill,bestbuycarpet.com
group-13889@2x.png,data/campaigns/turboship/indexes/emails/2x.png/group-13889.json,backfill,signaturefloorsnyc.com
install-floors-logo@2x.png,data/campaigns/turboship/indexes/emails/2x.png/install-floors-logo.json,backfill,installfloors.org
2_2_setupliveconnections@2x.png,data/campaigns/turboship/indexes/emails/2x.png/2_2_setupliveconnections.json,backfill,houzz.com
goodyear_logo_background_160x160@2x.png,data/campaigns/turboship/indexes/emails/2x.png/goodyear_logo_background_160x160.json,backfill,metrorubber.com
source-yelp@2x.png,data/campaigns/turboship/indexes/emails/2x.png/source-yelp.json,backfill,granitegaragefloors.com
4_1_preview_client_dashboard_gc@2x.png,data/campaigns/turboship/indexes/emails/2x.png/4_1_preview_client_dashboard_gc.json,backfill,houzz.com
lumber_equipment_and_hardware_1800x800_shopify_slider_1_580x@2x.png,data/campaigns/turboship/indexes/emails/2x.png/lumber_equipment_and_hardware_1800x800_shopify_slider_1_580x.json,backfill,stpetershardware.com
image_png708516285_300x300@2x.png,data/campaigns/turboship/indexes/emails/2x.png/image_png708516285_300x300.json,backfill,buyandsellfitness.com
logo@2x.png,data/campaigns/turboship/indexes/emails/2x.png/logo.json,backfill,londonderrysatchel.com
affiliate-4@2x.png,data/campaigns/turboship/indexes/emails/2x.png/affiliate-4.json,backfill,agconstructionmd.com
m-header-logo-updated@2x.png,data/campaigns/turboship/indexes/emails/2x.png/m-header-logo-updated.json,backfill,agconstructionmd.com
3_2_send_a_test_estimate_id@2x.png,data/campaigns/turboship/indexes/emails/2x.png/3_2_send_a_test_estimate_id.json,backfill,houzz.com
badge_22_8@2x.png,data/campaigns/turboship/indexes/emails/2x.png/badge_22_8.json,backfill,diamondcutgaragefloors.com
brand-toro@2x.png,data/campaigns/turboship/indexes/emails/2x.png/brand-toro.json,backfill,westlakehardware.com
polygon@2x.png,data/campaigns/turboship/indexes/emails/2x.png/polygon.json,backfill,granitegaragefloors.com
16619@2x.png,data/campaigns/turboship/indexes/emails/2x.png/16619.json,backfill,modulardocks.com
badge_32_9@2x.png,data/campaigns/turboship/indexes/emails/2x.png/badge_32_9.json,backfill,doverremodeling.com
lumber_equipment_and_hardware_1800x800_shopify_slider_3_580x@2x.png,data/campaigns/turboship/indexes/emails/2x.png/lumber_equipment_and_hardware_1800x800_shopify_slider_3_580x.json,backfill,stpetershardware.com
header-logo@2x.png,data/campaigns/turboship/indexes/emails/2x.png/header-logo.json,backfill,agconstructionmd.com
wild_oliva_@2x.png,data/campaigns/turboship/indexes/emails/2x.png/wild_oliva_.json,backfill,tdinteriorsinc.com
logo-inverse@2x.png,data/campaigns/turboship/indexes/emails/2x.png/logo-inverse.json,backfill,ftcwillmar.com
1_aa370a92-76d3-4514-9cc7-a65c7903412a_300x300@2x.png,data/campaigns/turboship/indexes/emails/2x.png/1_aa370a92-76d3-4514-9cc7-a65c7903412a_300x300.json,backfill,buyandsellfitness.com
visual_tools@2x.png,data/campaigns/turboship/indexes/emails/2x.png/visual_tools.json,backfill,houzz.com
vertical_menu_cross@2x.png,data/campaigns/turboship/indexes/emails/2x.png/vertical_menu_cross.json,backfill,parkplaceconstruction.net
nopath-copy-34@2x.png,data/campaigns/turboship/indexes/emails/2x.png/nopath-copy-34.json,backfill,signaturefloorsnyc.com
3_72d93180-eed6-4044-b09d-4c90b9507ede_300x300@2x.png,data/campaigns/turboship/indexes/emails/2x.png/3_72d93180-eed6-4044-b09d-4c90b9507ede_300x300.json,backfill,buyandsellfitness.com
brand-milwaukee@2x.png,data/campaigns/turboship/indexes/emails/2x.png/brand-milwaukee.json,backfill,westlakehardware.com
badge_20_9@2x.png,data/campaigns/turboship/indexes/emails/2x.png/badge_20_9.json,backfill,adrflooring.com
lumber_equipment_and_hardware_1800x800_shopify_slider_4_580x@2x.png,data/campaigns/turboship/indexes/emails/2x.png/lumber_equipment_and_hardware_1800x800_shopify_slider_4_580x.json,backfill,stpetershardware.com
chosen-sprite@2x.png,data/campaigns/turboship/indexes/emails/2x.png/chosen-sprite.json,backfill,agconstructionmd.com
badge_16_8@2x.png,data/campaigns/turboship/indexes/emails/2x.png/badge_16_8.json,backfill,makhomedesign.com
slaughterbeckfloors-logo@2x.png,data/campaigns/turboship/indexes/emails/2x.png/slaughterbeckfloors-logo.json,backfill,slaughterbeckfloors.com
gray-hash@2x.png,data/campaigns/turboship/indexes/emails/2x.png/gray-hash.json,backfill,granitegaragefloors.com
source-nextdoor@2x.png,data/campaigns/turboship/indexes/emails/2x.png/source-nextdoor.json,backfill,granitegaragefloors.com
m-header-logo@2x.png,data/campaigns/turboship/indexes/emails/2x.png/m-header-logo.json,backfill,agconstructionmd.com
log1@2x.png,data/campaigns/turboship/indexes/emails/2x.png/log1.json,backfill,dallasflooringwarehouse.com
ic1@2x.png,data/campaigns/turboship/indexes/emails/2x.png/ic1.json,backfill,dallasflooringwarehouse.com
badge_32_7@2x.png,data/campaigns/turboship/indexes/emails/2x.png/badge_32_7.json,backfill,cabinetdiscounters.com
1_2_uploadprojectphoto@2x.png,data/campaigns/turboship/indexes/emails/2x.png/1_2_uploadprojectphoto.json,backfill,houzz.com
vertical_menu_minus_white@2x.png,data/campaigns/turboship/indexes/emails/2x.png/vertical_menu_minus_white.json,backfill,parkplaceconstruction.net
5x5silktabrizb_240x240@2x.png,data/campaigns/turboship/indexes/emails/2x.png/5x5silktabrizb_240x240.json,backfill,exoticrug.org
badge_47_8@2x.png,data/campaigns/turboship/indexes/emails/2x.png/badge_47_8.json,backfill,makhomedesign.com
source-angies@2x.png,data/campaigns/turboship/indexes/emails/2x.png/source-angies.json,backfill,granitegaragefloors.com
5c3f9f5d-6c82-47e0-a116-cdad32937262_60x60@2x.png,data/campaigns/turboship/indexes/emails/2x.png/5c3f9f5d-6c82-47e0-a116-cdad32937262_60x60.json,backfill,buyandsellfitness.com
image_png_1254863373_300x300@2x.png,data/campaigns/turboship/indexes/emails/2x.png/image_png_1254863373_300x300.json,backfill,buyandsellfitness.com
16618@2x.png,data/campaigns/turboship/indexes/emails/2x.png/16618.json,backfill,modulardocks.com
source-home@2x.png,data/campaigns/turboship/indexes/emails/2x.png/source-home.json,backfill,granitegaragefloors.com
obph260_1500px_300x300@2x.png,data/campaigns/turboship/indexes/emails/2x.png/obph260_1500px_300x300.json,backfill,buyandsellfitness.com
ic4@2x.png,data/campaigns/turboship/indexes/emails/2x.png/ic4.json,backfill,dallasflooringwarehouse.com
image_png_938772448_300x300@2x.png,data/campaigns/turboship/indexes/emails/2x.png/image_png_938772448_300x300.json,backfill,buyandsellfitness.com
img-professional-experience@2x.png,data/campaigns/turboship/indexes/emails/2x.png/img-professional-experience.json,backfill,londonderrysatchel.com
daveslogowhite@2x.png,data/campaigns/turboship/indexes/emails/2x.png/daveslogowhite.json,backfill,davesfloorrefinishing.com
pink@2x.png,data/campaigns/turboship/indexes/emails/2x.png/pink.json,backfill,toolesacehardware.com
image_png_776894087_300x300@2x.png,data/campaigns/turboship/indexes/emails/2x.png/image_png_776894087_300x300.json,backfill,buyandsellfitness.com
image_png_1536965723_300x300@2x.png,data/campaigns/turboship/indexes/emails/2x.png/image_png_1536965723_300x300.json,backfill,buyandsellfitness.com
badge_44_8@2x.png,data/campaigns/turboship/indexes/emails/2x.png/badge_44_8.json,backfill,hoodshomecenters.com
log4@2x.png,data/campaigns/turboship/indexes/emails/2x.png/log4.json,backfill,dallasflooringwarehouse.com
badge_49_8@2x.png,data/campaigns/turboship/indexes/emails/2x.png/badge_49_8.json,backfill,makhomedesign.com
jacks_logo_65ad007c-7afc-4815-8925-7df702b27ff8_150x@2x.png,data/campaigns/turboship/indexes/emails/2x.png/jacks_logo_65ad007c-7afc-4815-8925-7df702b27ff8_150x.json,backfill,tryjacks1st.com
badge_57_8@2x.png,data/campaigns/turboship/indexes/emails/2x.png/badge_57_8.json,backfill,capitalremodeling.com
image_png_721321485_300x300@2x.png,data/campaigns/turboship/indexes/emails/2x.png/image_png_721321485_300x300.json,backfill,buyandsellfitness.com
installed_right_logo_primary@2x.png,data/campaigns/turboship/indexes/emails/2x.png/installed_right_logo_primary.json,backfill,installedrightservices.com
shadow@2x.png,data/campaigns/turboship/indexes/emails/2x.png/shadow.json,backfill,ofallonfamilyfloors.com
badge_56_7@2x.png,data/campaigns/turboship/indexes/emails/2x.png/badge_56_7.json,backfill,doverremodeling.com
dynamix-logo-white@2x.png,data/campaigns/turboship/indexes/emails/2x.png/dynamix-logo-white.json,backfill,granitegaragefloors.com
popup_140x@2x.png,data/campaigns/turboship/indexes/emails/2x.png/popup_140x.json,backfill,freedomfitnessequipment.com
brand-craftsman@2x.png,data/campaigns/turboship/indexes/emails/2x.png/brand-craftsman.json,backfill,westlakehardware.com
adeas_interior_design_logo_primary_90x@2x.png,data/campaigns/turboship/indexes/emails/2x.png/adeas_interior_design_logo_primary_90x.json,backfill,adeasinteriordesign.com
metro_logo3_165x@2x.png,data/campaigns/turboship/indexes/emails/2x.png/metro_logo3_165x.json,backfill,metrorubber.com
14494@2x.png,data/campaigns/turboship/indexes/emails/2x.png/14494.json,backfill,modulardocks.com
abm_logo_wordmark_white_6d8cb845-db29-4d4f-a8b5-03d5bb2c9f58_120x@2x.png,data/campaigns/turboship/indexes/emails/2x.png/abm_logo_wordmark_white_6d8cb845-db29-4d4f-a8b5-03d5bb2c9f58_120x.json,backfill,aquablumosaics.com
2_1_set_up_ad_settings@2x.png,data/campaigns/turboship/indexes/emails/2x.png/2_1_set_up_ad_settings.json,backfill,houzz.com
image_png2067409116_300x300@2x.png,data/campaigns/turboship/indexes/emails/2x.png/image_png2067409116_300x300.json,backfill,buyandsellfitness.com
gsa-logo@2x.png,data/campaigns/turboship/indexes/emails/2x.png/gsa-logo.json,backfill,greater-charleston.pauldavis.com
1_1_build_your_profile@2x.png,data/campaigns/turboship/indexes/emails/2x.png/1_1_build_your_profile.json,backfill,houzz.com
granite-icon@2x.png,data/campaigns/turboship/indexes/emails/2x.png/granite-icon.json,backfill,granitegaragefloors.com
5_2_quickbook@2x.png,data/campaigns/turboship/indexes/emails/2x.png/5_2_quickbook.json,backfill,houzz.com
clawes-flooring-logo@2x.png,data/campaigns/turboship/indexes/emails/2x.png/clawes-flooring-logo.json,backfill,clawesflooring.com
dark_lg@2x.png,data/campaigns/turboship/indexes/emails/2x.png/dark_lg.json,backfill,centurylink.net
dc-finallogo-gold_260x@2x.png,data/campaigns/turboship/indexes/emails/2x.png/dc-finallogo-gold_260x.json,backfill,dcsurface.com
logo-ego-commercial@2x.png,data/campaigns/turboship/indexes/emails/2x.png/logo-ego-commercial.json,backfill,egopowerplus.com
log3@2x.png,data/campaigns/turboship/indexes/emails/2x.png/log3.json,backfill,dallasflooringwarehouse.com
4_1_preview_client_dashboard_id@2x.png,data/campaigns/turboship/indexes/emails/2x.png/4_1_preview_client_dashboard_id.json,backfill,houzz.com
vertical_menu_minus@2x.png,data/campaigns/turboship/indexes/emails/2x.png/vertical_menu_minus.json,backfill,parkplaceconstruction.net
log5@2x.png,data/campaigns/turboship/indexes/emails/2x.png/log5.json,backfill,dallasflooringwarehouse.com
lumber_equipment_and_hardware_1800x800_shopify_slider_2_580x@2x.png,data/campaigns/turboship/indexes/emails/2x.png/lumber_equipment_and_hardware_1800x800_shopify_slider_2_580x.json,backfill,stpetershardware.com
affiliate-2@2x.png,data/campaigns/turboship/indexes/emails/2x.png/affiliate-2.json,backfill,agconstructionmd.com
flags@2x.png,data/campaigns/turboship/indexes/emails/2x.png/flags.json,backfill,polancoflooringandpainting.com
mask-group-9@2x.png,data/campaigns/turboship/indexes/emails/2x.png/mask-group-9.json,backfill,signaturefloorsnyc.com
hero-logos-2025@2x.png,data/campaigns/turboship/indexes/emails/2x.png/hero-logos-2025.json,backfill,apco.com
affiliate-1@2x.png,data/campaigns/turboship/indexes/emails/2x.png/affiliate-1.json,backfill,agconstructionmd.com
image_@4x-7-768x1150.png,data/campaigns/turboship/indexes/emails/4x-7-768x1150.png/image_.json,backfill,courtexconstruction.com
11.3@3x-scaled.jpg,data/campaigns/turboship/indexes/emails/3x-scaled.jpg/11.3.json,backfill,ajhconstructionma.com
subdomaindesktopheader@3x-scaled.jpg,data/campaigns/turboship/indexes/emails/3x-scaled.jpg/subdomaindesktopheader.json,backfill,greater-charleston.pauldavis.com
10.1@3x-scaled.jpg,data/campaigns/turboship/indexes/emails/3x-scaled.jpg/10.1.json,backfill,ajhconstructionma.com
subdomain-form-img@3x-scaled.jpg,data/campaigns/turboship/indexes/emails/3x-scaled.jpg/subdomain-form-img.json,backfill,greater-charleston.pauldavis.com
asset-10@2x-759x1024.png,data/campaigns/turboship/indexes/emails/2x-759x1024.png/asset-10.json,backfill,budgetconstructioncompany.com
logo-lockup-mint@3x-480x85.png,data/campaigns/turboship/indexes/emails/3x-480x85.png/logo-lockup-mint.json,backfill,flooredsolutions.com
image_@3x-3.png,data/campaigns/turboship/indexes/emails/3x-3.png/image_.json,backfill,carolinacourtex.com
image-1@2x.jpeg,data/campaigns/turboship/indexes/emails/2x.jpeg/image-1.json,backfill,shoplvpflooring.com
pexels-photo-266583_600x600@2x.jpeg,data/campaigns/turboship/indexes/emails/2x.jpeg/pexels-photo-266583_600x600.json,backfill,metrorubber.com
image-2@2x.jpeg,data/campaigns/turboship/indexes/emails/2x.jpeg/image-2.json,backfill,shoplvpflooring.com
cropped-prancheta-2@3x-270x270.png,data/campaigns/turboship/indexes/emails/3x-270x270.png/cropped-prancheta-2.json,backfill,ajhconstructionma.com
badge_48_8@2x-e1582658876424.png,data/campaigns/turboship/indexes/emails/2x-e1582658876424.png/badge_48_8.json,backfill,qualitywindowanddoorinc.com
image-1@2x-1-246x300.jpeg,data/campaigns/turboship/indexes/emails/2x-1-246x300.jpeg/image-1.json,backfill,shoplvpflooring.com
image@2x-1-273x300.jpeg,data/campaigns/turboship/indexes/emails/2x-1-273x300.jpeg/image.json,backfill,shoplvpflooring.com
nopath-copy-34@2x-261x300.png,data/campaigns/turboship/indexes/emails/2x-261x300.png/nopath-copy-34.json,backfill,signaturefloorsnyc.com
dixie-home@2x-300x201.webp,data/campaigns/turboship/indexes/emails/2x-300x201.webp/dixie-home.json,backfill,randysflooring.com
wilcox@2x-300x201.webp,data/campaigns/turboship/indexes/emails/2x-300x201.webp/wilcox.json,backfill,randysflooring.com
canopy@2x-300x201.webp,data/campaigns/turboship/indexes/emails/2x-300x201.webp/canopy.json,backfill,randysflooring.com
shaw-floors-logo@2x-300x201.webp,data/campaigns/turboship/indexes/emails/2x-300x201.webp/shaw-floors-logo.json,backfill,randysflooring.com
anderson-tuftex-logo@2x-300x201.webp,data/campaigns/turboship/indexes/emails/2x-300x201.webp/anderson-tuftex-logo.json,backfill,randysflooring.com
masland@2x-300x201.webp,data/campaigns/turboship/indexes/emails/2x-300x201.webp/masland.json,backfill,randysflooring.com
stanton-logo@2x-300x201.webp,data/campaigns/turboship/indexes/emails/2x-300x201.webp/stanton-logo.json,backfill,randysflooring.com
philadelphia-commercial-logo@2x-300x201.webp,data/campaigns/turboship/indexes/emails/2x-300x201.webp/philadelphia-commercial-logo.json,backfill,randysflooring.com
mannington@2x-300x201.webp,data/campaigns/turboship/indexes/emails/2x-300x201.webp/mannington.json,backfill,randysflooring.com
fabrica-logo@2x-300x201.webp,data/campaigns/turboship/indexes/emails/2x-300x201.webp/fabrica-logo.json,backfill,randysflooring.com
hallmark-floors@2x-300x201.webp,data/campaigns/turboship/indexes/emails/2x-300x201.webp/hallmark-floors.json,backfill,randysflooring.com
coretec-logo@2x-300x201.webp,data/campaigns/turboship/indexes/emails/2x-300x201.webp/coretec-logo.json,backfill,randysflooring.com
14.1@3x-1-240x300.jpg.webp,data/campaigns/turboship/indexes/emails/3x-1-240x300.jpg.webp/14.1.json,backfill,ajhconstructionma.com
artboard-3@4x.png,data/campaigns/turboship/indexes/emails/4x.png/artboard-3.json,backfill,texas.tarkettsports.com
artboard-5@4x.png,data/campaigns/turboship/indexes/emails/4x.png/artboard-5.json,backfill,texas.tarkettsports.com
artboard-1@4x.png,data/campaigns/turboship/indexes/emails/4x.png/artboard-1.json,backfill,texas.tarkettsports.com
artboard-6@4x.png,data/campaigns/turboship/indexes/emails/4x.png/artboard-6.json,backfill,texas.tarkettsports.com
artboard-9@4x.png,data/campaigns/turboship/indexes/emails/4x.png/artboard-9.json,backfill,texas.tarkettsports.com
artboard-4@4x.png,data/campaigns/turboship/indexes/emails/4x.png/artboard-4.json,backfill,texas.tarkettsports.com
artboard-8@4x.png,data/campaigns/turboship/indexes/emails/4x.png/artboard-8.json,backfill,texas.tarkettsports.com
asset-1@4x.png,data/campaigns/turboship/indexes/emails/4x.png/asset-1.json,backfill,commercialflooringsystems.com
image_@4x.png,data/campaigns/turboship/indexes/emails/4x.png/image_.json,backfill,carolinacourtex.com
artboard-7@4x.png,data/campaigns/turboship/indexes/emails/4x.png/artboard-7.json,backfill,texas.tarkettsports.com
artboard-2@4x.png,data/campaigns/turboship/indexes/emails/4x.png/artboard-2.json,backfill,texas.tarkettsports.com
acgg2v-00000089545377560440191390000011318534170961065632-@4x.jpg,data/campaigns/turboship/indexes/emails/4x.jpg/acgg2v-00000089545377560440191390000011318534170961065632.json,backfill,carolinacourtex.com
acgg2v-00000000904694050953623800000003135565544283512502-@3x-1024x630.jpg,data/campaigns/turboship/indexes/emails/3x-1024x630.jpg/acgg2v-00000000904694050953623800000003135565544283512502.json,backfill,courtexconstruction.com
brush@2x-1024x642.png,data/campaigns/turboship/indexes/emails/2x-1024x642.png/brush.json,backfill,kashianbros.com
brand-toro@2x-300x172.png,data/campaigns/turboship/indexes/emails/2x-300x172.png/brand-toro.json,backfill,westlakehardware.com
brand-milwaukee@2x-300x172.png,data/campaigns/turboship/indexes/emails/2x-300x172.png/brand-milwaukee.json,backfill,westlakehardware.com
brand-craftsman@2x-300x172.png,data/campaigns/turboship/indexes/emails/2x-300x172.png/brand-craftsman.json,backfill,westlakehardware.com
visualizer-phone-inner@2x-1-768x1031.webp,data/campaigns/turboship/indexes/emails/2x-1-768x1031.webp/visualizer-phone-inner.json,backfill,floorconceptsinc.com
acgg2v-00000000904694050953623800000003135565544283512502-@3x-768x472.jpg,data/campaigns/turboship/indexes/emails/3x-768x472.jpg/acgg2v-00000000904694050953623800000003135565544283512502.json,backfill,courtexconstruction.com
acgg2v-00000000904694050953623800000003135565544283512502-@3x-1536x945.jpg,data/campaigns/turboship/indexes/emails/3x-1536x945.jpg/acgg2v-00000000904694050953623800000003135565544283512502.json,backfill,courtexconstruction.com
acgg2v-00000000904694050953623800000003135565544283512502-@3x-300x185.jpg,data/campaigns/turboship/indexes/emails/3x-300x185.jpg/acgg2v-00000000904694050953623800000003135565544283512502.json,backfill,courtexconstruction.com
mask-group-9@2x-1536x1182.png,data/campaigns/turboship/indexes/emails/2x-1536x1182.png/mask-group-9.json,backfill,signaturefloorsnyc.com
14.1@3x-1-768x960.jpg.webp,data/campaigns/turboship/indexes/emails/3x-1-768x960.jpg.webp/14.1.json,backfill,ajhconstructionma.com
cropped-submark_lt-bg@2x-192x192.png,data/campaigns/turboship/indexes/emails/2x-192x192.png/cropped-submark_lt-bg.json,backfill,anointedflooring.com
cropped-davesicon@2x-192x192.png,data/campaigns/turboship/indexes/emails/2x-192x192.png/cropped-davesicon.json,backfill,davesfloorrefinishing.com
11.3@3x-240x300.jpg,data/campaigns/turboship/indexes/emails/3x-240x300.jpg/11.3.json,backfill,ajhconstructionma.com
10.1@3x-240x300.jpg,data/campaigns/turboship/indexes/emails/3x-240x300.jpg/10.1.json,backfill,ajhconstructionma.com
cropped-claweslogo-avatar-dark-bg@2x-300x300.png,data/campaigns/turboship/indexes/emails/2x-300x300.png/cropped-claweslogo-avatar-dark-bg.json,backfill,clawesflooring.com
ic3@2x-300x300.png,data/campaigns/turboship/indexes/emails/2x-300x300.png/ic3.json,backfill,dallasflooringwarehouse.com
ic2@2x-300x300.png,data/campaigns/turboship/indexes/emails/2x-300x300.png/ic2.json,backfill,dallasflooringwarehouse.com
ic1@2x-300x300.png,data/campaigns/turboship/indexes/emails/2x-300x300.png/ic1.json,backfill,dallasflooringwarehouse.com
ic4@2x-300x300.png,data/campaigns/turboship/indexes/emails/2x-300x300.png/ic4.json,backfill,dallasflooringwarehouse.com
bfperformance@4x-1536x112.png,data/campaigns/turboship/indexes/emails/4x-1536x112.png/bfperformance.json,backfill,heroflooring.com
screen-shot-2023-11-01-at-2.30.21-pm@2x-480x296.jpg,data/campaigns/turboship/indexes/emails/2x-480x296.jpg/screen-shot-2023-11-01-at-2.30.21-pm.json,backfill,structis.com
64e57c79189f4c7f6f85dd72196da50c@2x-480x296.jpg,data/campaigns/turboship/indexes/emails/2x-480x296.jpg/64e57c79189f4c7f6f85dd72196da50c.json,backfill,structis.com
screen-shot-2023-11-01-at-2.30.40-pm@2x-480x296.jpg,data/campaigns/turboship/indexes/emails/2x-480x296.jpg/screen-shot-2023-11-01-at-2.30.40-pm.json,backfill,structis.com
screen-shot-2023-11-01-at-2.29.55-pm@2x-480x296.jpg,data/campaigns/turboship/indexes/emails/2x-480x296.jpg/screen-shot-2023-11-01-at-2.29.55-pm.json,backfill,structis.com
6a-port-north-bridge-s-dsc_9203@2x-480x296.jpg,data/campaigns/turboship/indexes/emails/2x-480x296.jpg/6a-port-north-bridge-s-dsc_9203.json,backfill,structis.com
e37f398b1e284cf5bb1bef649764fbd9@2x-480x296.jpg,data/campaigns/turboship/indexes/emails/2x-480x296.jpg/e37f398b1e284cf5bb1bef649764fbd9.json,backfill,structis.com
copy-of-house42_maxxon_20210413-154@2x-480x296.jpg,data/campaigns/turboship/indexes/emails/2x-480x296.jpg/copy-of-house42_maxxon_20210413-154.json,backfill,structis.com
123_11@2x-480x296.jpg,data/campaigns/turboship/indexes/emails/2x-480x296.jpg/123_11.json,backfill,structis.com
image_@3x-3-203x300.png,data/campaigns/turboship/indexes/emails/3x-3-203x300.png/image_.json,backfill,courtexconstruction.com
bfperformance@4x-scaled.webp,data/campaigns/turboship/indexes/emails/4x-scaled.webp/bfperformance.json,backfill,heroflooring.com
log2@2x-1-100x100.png,data/campaigns/turboship/indexes/emails/2x-1-100x100.png/log2.json,backfill,peekscarpet.com
log1@2x-1-100x100.png,data/campaigns/turboship/indexes/emails/2x-1-100x100.png/log1.json,backfill,peekscarpet.com
image_@4x-7-200x300.png,data/campaigns/turboship/indexes/emails/4x-7-200x300.png/image_.json,backfill,courtexconstruction.com
randys-reviews-homeimg@2x-300x248.webp,data/campaigns/turboship/indexes/emails/2x-300x248.webp/randys-reviews-homeimg.json,backfill,randysflooring.com
randys-guarantee-homeimg@2x-300x248.webp,data/campaigns/turboship/indexes/emails/2x-300x248.webp/randys-guarantee-homeimg.json,backfill,randysflooring.com
ff-opengraph@2x-1024x536.png,data/campaigns/turboship/indexes/emails/2x-1024x536.png/ff-opengraph.json,backfill,faziofloors.com
14.1@3x-1-scaled.jpg,data/campaigns/turboship/indexes/emails/3x-1-scaled.jpg/14.1.json,backfill,ajhconstructionma.com
footer-img_mobile@2x-29x36.png,data/campaigns/turboship/indexes/emails/2x-29x36.png/footer-img_mobile.json,backfill,bitly.com
mask@2x-1-18x12.jpeg,data/campaigns/turboship/indexes/emails/2x-1-18x12.jpeg/mask.json,backfill,shoplvpflooring.com
copy-of-house42_maxxon_20210413-196@2x-480x448.jpg,data/campaigns/turboship/indexes/emails/2x-480x448.jpg/copy-of-house42_maxxon_20210413-196.json,backfill,structis.com/locations/connecticut
dscf2920@2x-480x448.jpg,data/campaigns/turboship/indexes/emails/2x-480x448.jpg/dscf2920.json,backfill,structis.com/locations/connecticut
house42_maxxon_20210604-26-copy@2x-480x448.jpg,data/campaigns/turboship/indexes/emails/2x-480x448.jpg/house42_maxxon_20210604-26-copy.json,backfill,structis.com/locations/connecticut
bfperformance@4x-600x44.png,data/campaigns/turboship/indexes/emails/4x-600x44.png/bfperformance.json,backfill,heroflooring.com
acgg2v-00000089545377560440191390000011318534170961065632-@4x-1536x961.jpg,data/campaigns/turboship/indexes/emails/4x-1536x961.jpg/acgg2v-00000089545377560440191390000011318534170961065632.json,backfill,courtexconstruction.com
training@3x.jpg,data/campaigns/turboship/indexes/emails/3x.jpg/training.json,backfill,greater-charleston.pauldavis.com
m-subdomain-process-img@3x.jpg,data/campaigns/turboship/indexes/emails/3x.jpg/m-subdomain-process-img.json,backfill,greater-charleston.pauldavis.com
qualityassurance@3x.jpg,data/campaigns/turboship/indexes/emails/3x.jpg/qualityassurance.json,backfill,greater-charleston.pauldavis.com
m-certifiedteam-img@3x.jpg,data/campaigns/turboship/indexes/emails/3x.jpg/m-certifiedteam-img.json,backfill,greater-charleston.pauldavis.com
sub-claims-img@3x.jpg,data/campaigns/turboship/indexes/emails/3x.jpg/sub-claims-img.json,backfill,greater-charleston.pauldavis.com
subdomain-commercial-img@3x.jpg,data/campaigns/turboship/indexes/emails/3x.jpg/subdomain-commercial-img.json,backfill,greater-charleston.pauldavis.com
subdomainmobileheader@3x.jpg,data/campaigns/turboship/indexes/emails/3x.jpg/subdomainmobileheader.json,backfill,greater-charleston.pauldavis.com
subdomain-process-img@3x.jpg,data/campaigns/turboship/indexes/emails/3x.jpg/subdomain-process-img.json,backfill,greater-charleston.pauldavis.com
emergencyresp@3x.jpg,data/campaigns/turboship/indexes/emails/3x.jpg/emergencyresp.json,backfill,greater-charleston.pauldavis.com
certifiedteam-img@3x.jpg,data/campaigns/turboship/indexes/emails/3x.jpg/certifiedteam-img.json,backfill,greater-charleston.pauldavis.com
pd-home-hero@3x.jpg,data/campaigns/turboship/indexes/emails/3x.jpg/pd-home-hero.json,backfill,greater-charleston.pauldavis.com
acgg2v-00000000904694050953623800000003135565544283512502-@3x.jpg,data/campaigns/turboship/indexes/emails/3x.jpg/acgg2v-00000000904694050953623800000003135565544283512502.json,backfill,carolinacourtex.com
innovation@3x.jpg,data/campaigns/turboship/indexes/emails/3x.jpg/innovation.json,backfill,greater-charleston.pauldavis.com
subdomain-team-img@3x.jpg,data/campaigns/turboship/indexes/emails/3x.jpg/subdomain-team-img.json,backfill,greater-charleston.pauldavis.com
m-seo-img@3x.jpg,data/campaigns/turboship/indexes/emails/3x.jpg/m-seo-img.json,backfill,agconstructionmd.com
alt-logo_dk-bg@2x-1-480x83.png,data/campaigns/turboship/indexes/emails/2x-1-480x83.png/alt-logo_dk-bg.json,backfill,anointedflooring.com
header-logo@3x.png.webp,data/campaigns/turboship/indexes/emails/3x.png.webp/header-logo.json,backfill,agconstructionmd.com
logo-lockup-mint@3x.png.webp,data/campaigns/turboship/indexes/emails/3x.png.webp/logo-lockup-mint.json,backfill,flooredsolutions.com
m-header-logo@3x.png.webp,data/campaigns/turboship/indexes/emails/3x.png.webp/m-header-logo.json,backfill,agconstructionmd.com
tailwindcss_user@3.4.16.js,data/campaigns/turboship/indexes/emails/3.4.16.js/tailwindcss_user.json,backfill,gby-flooring-llc.wegic.app
14.1@3x-1-819x1024.jpg.webp,data/campaigns/turboship/indexes/emails/3x-1-819x1024.jpg.webp/14.1.json,backfill,ajhconstructionma.com
slaughterbeckfloors-logo@2x-24x5.png,data/campaigns/turboship/indexes/emails/2x-24x5.png/slaughterbeckfloors-logo.json,backfill,slaughterbeckfloors.com
experience@2x-100-1024x597.jpg,data/campaigns/turboship/indexes/emails/2x-100-1024x597.jpg/experience.json,backfill,peekscarpet.com
visualizer-phone-inner@2x-1-763x1024.webp,data/campaigns/turboship/indexes/emails/2x-1-763x1024.webp/visualizer-phone-inner.json,backfill,floorconceptsinc.com
badge-logo-lt-bg@2x-480x480.png,data/campaigns/turboship/indexes/emails/2x-480x480.png/badge-logo-lt-bg.json,backfill,anointedflooring.com
bfpeople@4x.webp,data/campaigns/turboship/indexes/emails/4x.webp/bfpeople.json,backfill,heroflooring.com
logo-aqua@2x-1-300x68.png,data/campaigns/turboship/indexes/emails/2x-1-300x68.png/logo-aqua.json,backfill,kashianbros.com
imgp0042@2x-500x500.webp,data/campaigns/turboship/indexes/emails/2x-500x500.webp/imgp0042.json,backfill,aronsonsfloors.com
experience@2x-100.jpg,data/campaigns/turboship/indexes/emails/2x-100.jpg/experience.json,backfill,peekscarpet.com
affiliate-4@2x.png.webp,data/campaigns/turboship/indexes/emails/2x.png.webp/affiliate-4.json,backfill,agconstructionmd.com
brand-toro@2x.png.webp,data/campaigns/turboship/indexes/emails/2x.png.webp/brand-toro.json,backfill,westlakehardware.com
brand-milwaukee@2x.png.webp,data/campaigns/turboship/indexes/emails/2x.png.webp/brand-milwaukee.json,backfill,westlakehardware.com
m-header-logo@2x.png.webp,data/campaigns/turboship/indexes/emails/2x.png.webp/m-header-logo.json,backfill,agconstructionmd.com
brand-craftsman@2x.png.webp,data/campaigns/turboship/indexes/emails/2x.png.webp/brand-craftsman.json,backfill,westlakehardware.com
affiliate-2@2x.png.webp,data/campaigns/turboship/indexes/emails/2x.png.webp/affiliate-2.json,backfill,agconstructionmd.com
bfpeople@4x-400x40.png,data/campaigns/turboship/indexes/emails/4x-400x40.png/bfpeople.json,backfill,heroflooring.com
path_@2x-4.png,data/campaigns/turboship/indexes/emails/2x-4.png/path_.json,backfill,carolinacourtex.com
group-13889@2x-300x180.png,data/campaigns/turboship/indexes/emails/2x-300x180.png/group-13889.json,backfill,signaturefloorsnyc.com
concrete-floor-categories-concrete-microtoppings-hover@15.jpg,data/campaigns/turboship/indexes/emails/15.jpg/concrete-floor-categories-concrete-microtoppings-hover.json,backfill,duraamen.com
concrete-floor-categories-mma-coatings-hover@15.jpg,data/campaigns/turboship/indexes/emails/15.jpg/concrete-floor-categories-mma-coatings-hover.json,backfill,duraamen.com
concrete-floor-categories-urethane-modified-concrete-hover@15.jpg,data/campaigns/turboship/indexes/emails/15.jpg/concrete-floor-categories-urethane-modified-concrete-hover.json,backfill,duraamen.com
snazzy-image@3x-1.jpg,data/campaigns/turboship/indexes/emails/3x-1.jpg/snazzy-image.json,backfill,agconstructionmd.com
image_@4x-768x698.png,data/campaigns/turboship/indexes/emails/4x-768x698.png/image_.json,backfill,courtexconstruction.com
bfperformance@4x-400x29.png,data/campaigns/turboship/indexes/emails/4x-400x29.png/bfperformance.json,backfill,heroflooring.com
experience@2x-100-768x448.jpg,data/campaigns/turboship/indexes/emails/2x-100-768x448.jpg/experience.json,backfill,peekscarpet.com
bfpeople@4x-1536x155.webp,data/campaigns/turboship/indexes/emails/4x-1536x155.webp/bfpeople.json,backfill,heroflooring.com
9to5-@nce-industrial-306-chair.jpg,data/campaigns/turboship/indexes/emails/nce-industrial-306-chair.jpg/9to5.json,backfill,ofdc-inc.com
footer-img_mobile@2x-19x24.png,data/campaigns/turboship/indexes/emails/2x-19x24.png/footer-img_mobile.json,backfill,bitly.com
copy-of-house42_maxxon_20210413-196@2x-200x187.jpg,data/campaigns/turboship/indexes/emails/2x-200x187.jpg/copy-of-house42_maxxon_20210413-196.json,backfill,structis.com/locations/connecticut
dscf2920@2x-200x187.jpg,data/campaigns/turboship/indexes/emails/2x-200x187.jpg/dscf2920.json,backfill,structis.com/locations/connecticut
house42_maxxon_20210604-26-copy@2x-200x187.jpg,data/campaigns/turboship/indexes/emails/2x-200x187.jpg/house42_maxxon_20210604-26-copy.json,backfill,structis.com/locations/connecticut
inspiration-02@2x-square.webp,data/campaigns/turboship/indexes/emails/2x-square.webp/inspiration-02.json,backfill,calvettabrothersmentor.com
inspiration-03@2x-square.webp,data/campaigns/turboship/indexes/emails/2x-square.webp/inspiration-03.json,backfill,calvettabrothersmentor.com
inspiration-01@2x-square.webp,data/campaigns/turboship/indexes/emails/2x-square.webp/inspiration-01.json,backfill,calvettabrothersmentor.com
install-floors-logo@2x-200x64.png,data/campaigns/turboship/indexes/emails/2x-200x64.png/install-floors-logo.json,backfill,princefloors.com
bfpeople@4x-768x77.webp,data/campaigns/turboship/indexes/emails/4x-768x77.webp/bfpeople.json,backfill,heroflooring.com
odies_logo@2x.nsceubaeyn.png,data/campaigns/turboship/indexes/emails/2x.nsceubaeyn.png/odies_logo.json,backfill,woodfloorbusiness.com
image_@2x-45-206x300.png,data/campaigns/turboship/indexes/emails/2x-45-206x300.png/image_.json,backfill,courtexconstruction.com
acgg2v-00000089545377560440191390000011318534170961065632-@4x-2048x1281.jpg,data/campaigns/turboship/indexes/emails/4x-2048x1281.jpg/acgg2v-00000089545377560440191390000011318534170961065632.json,backfill,courtexconstruction.com
badge_64_8@3x-qlpnelalylteab2g7ol0jvg3u26tlac4ouezqrq8e8.png,data/campaigns/turboship/indexes/emails/3x-qlpnelalylteab2g7ol0jvg3u26tlac4ouezqrq8e8.png/badge_64_8.json,backfill,clarksvilleconstruction.net
11.3@3x-240x300.jpg.webp,data/campaigns/turboship/indexes/emails/3x-240x300.jpg.webp/11.3.json,backfill,ajhconstructionma.com
10.1@3x-240x300.jpg.webp,data/campaigns/turboship/indexes/emails/3x-240x300.jpg.webp/10.1.json,backfill,ajhconstructionma.com
install-floors-logo@2x-400x128.png,data/campaigns/turboship/indexes/emails/2x-400x128.png/install-floors-logo.json,backfill,princefloors.com
cropped-submark_lt-bg@2x-270x270.png,data/campaigns/turboship/indexes/emails/2x-270x270.png/cropped-submark_lt-bg.json,backfill,anointedflooring.com
cropped-davesicon@2x-270x270.png,data/campaigns/turboship/indexes/emails/2x-270x270.png/cropped-davesicon.json,backfill,davesfloorrefinishing.com
randys-reviews-homeimg@2x-768x635.webp,data/campaigns/turboship/indexes/emails/2x-768x635.webp/randys-reviews-homeimg.json,backfill,randysflooring.com
randys-guarantee-homeimg@2x-768x635.webp,data/campaigns/turboship/indexes/emails/2x-768x635.webp/randys-guarantee-homeimg.json,backfill,randysflooring.com
mask@2x-1.jpeg,data/campaigns/turboship/indexes/emails/2x-1.jpeg/mask.json,backfill,shoplvpflooring.com
image-1@2x-1.jpeg,data/campaigns/turboship/indexes/emails/2x-1.jpeg/image-1.json,backfill,shoplvpflooring.com
image@2x-1.jpeg,data/campaigns/turboship/indexes/emails/2x-1.jpeg/image.json,backfill,shoplvpflooring.com
acgg2v-00000089545377560440191390000011318534170961065632-@4x-1024x640.jpg,data/campaigns/turboship/indexes/emails/4x-1024x640.jpg/acgg2v-00000089545377560440191390000011318534170961065632.json,backfill,courtexconstruction.com
image_@2x-44-206x300.png,data/campaigns/turboship/indexes/emails/2x-44-206x300.png/image_.json,backfill,courtexconstruction.com
ecebbkw_00000070@2x-scaled-e1744654965275-1024x480.webp,data/campaigns/turboship/indexes/emails/2x-scaled-e1744654965275-1024x480.webp/ecebbkw_00000070.json,backfill,aronsonsfloors.com
modal-emoji-left@3x.png,data/campaigns/turboship/indexes/emails/3x.png/modal-emoji-left.json,backfill,dzen.ru/?yredirect=true
dzen-pro-bv-stella@3x.png,data/campaigns/turboship/indexes/emails/3x.png/dzen-pro-bv-stella.json,backfill,dzen.ru/?yredirect=true
bruce@3x.png,data/campaigns/turboship/indexes/emails/3x.png/bruce.json,backfill,londonderrysatchel.com
mohawn@3x.png,data/campaigns/turboship/indexes/emails/3x.png/mohawn.json,backfill,londonderrysatchel.com
m-header-logo-updated@3x.png,data/campaigns/turboship/indexes/emails/3x.png/m-header-logo-updated.json,backfill,agconstructionmd.com
shaw-floors@3x.png,data/campaigns/turboship/indexes/emails/3x.png/shaw-floors.json,backfill,londonderrysatchel.com
header-logo@3x.png,data/campaigns/turboship/indexes/emails/3x.png/header-logo.json,backfill,agconstructionmd.com
logo-lockup-mint@3x.png,data/campaigns/turboship/indexes/emails/3x.png/logo-lockup-mint.json,backfill,flooredsolutions.com
google-play-icon@3x.png,data/campaigns/turboship/indexes/emails/3x.png/google-play-icon.json,backfill,yahoo.com
m-header-logo@3x.png,data/campaigns/turboship/indexes/emails/3x.png/m-header-logo.json,backfill,agconstructionmd.com
refer-us-to-win@3x.png,data/campaigns/turboship/indexes/emails/3x.png/refer-us-to-win.json,backfill,qualitywindowanddoorinc.com
milliken@3x.png,data/campaigns/turboship/indexes/emails/3x.png/milliken.json,backfill,londonderrysatchel.com
modal-emoji@3x.png,data/campaigns/turboship/indexes/emails/3x.png/modal-emoji.json,backfill,dzen.ru/?yredirect=true
re_logo@3x.png,data/campaigns/turboship/indexes/emails/3x.png/re_logo.json,backfill,yahoo.com
modal-emoji-right@3x.png,data/campaigns/turboship/indexes/emails/3x.png/modal-emoji-right.json,backfill,dzen.ru/?yredirect=true
logo_nfl@3x.png,data/campaigns/turboship/indexes/emails/3x.png/logo_nfl.json,backfill,yahoo.com
app-store-icon@3x.png,data/campaigns/turboship/indexes/emails/3x.png/app-store-icon.json,backfill,yahoo.com
gsa-logo@3x.png,data/campaigns/turboship/indexes/emails/3x.png/gsa-logo.json,backfill,greater-charleston.pauldavis.com
id@3x.png,data/campaigns/turboship/indexes/emails/3x.png/id.json,backfill,artsolomonphoto.com/seniors
11.3@3x-scaled.jpg.webp,data/campaigns/turboship/indexes/emails/3x-scaled.jpg.webp/11.3.json,backfill,ajhconstructionma.com
10.1@3x-scaled.jpg.webp,data/campaigns/turboship/indexes/emails/3x-scaled.jpg.webp/10.1.json,backfill,ajhconstructionma.com
cropped-submark_lt-bg@2x-32x32.png,data/campaigns/turboship/indexes/emails/2x-32x32.png/cropped-submark_lt-bg.json,backfill,anointedflooring.com
cropped-davesicon@2x-32x32.png,data/campaigns/turboship/indexes/emails/2x-32x32.png/cropped-davesicon.json,backfill,davesfloorrefinishing.com
clawes-flooring-announcement-banner@2x-1200x675.png,data/campaigns/turboship/indexes/emails/2x-1200x675.png/clawes-flooring-announcement-banner.json,backfill,clawesflooring.com
image_@2x-47-300x202.png,data/campaigns/turboship/indexes/emails/2x-47-300x202.png/image_.json,backfill,courtexconstruction.com
group-13889@2x-768x462.png,data/campaigns/turboship/indexes/emails/2x-768x462.png/group-13889.json,backfill,signaturefloorsnyc.com
3jvtsf-00000157307826841687584950000017025051270369838500-@4x-1-150x150.png,data/campaigns/turboship/indexes/emails/4x-1-150x150.png/3jvtsf-00000157307826841687584950000017025051270369838500.json,backfill,courtexconstruction.com
quickstep_logo@1x.jpg,data/campaigns/turboship/indexes/emails/1x.jpg/quickstep_logo.json,backfill,baycarpet.com
11.3@3x-819x1024.jpg.webp,data/campaigns/turboship/indexes/emails/3x-819x1024.jpg.webp/11.3.json,backfill,ajhconstructionma.com
10.1@3x-819x1024.jpg.webp,data/campaigns/turboship/indexes/emails/3x-819x1024.jpg.webp/10.1.json,backfill,ajhconstructionma.com
provenza-logo-dark@2x-300x97.png,data/campaigns/turboship/indexes/emails/2x-300x97.png/provenza-logo-dark.json,backfill,loudounvalleyfloors.com
image_@4x-300x273.png,data/campaigns/turboship/indexes/emails/4x-300x273.png/image_.json,backfill,courtexconstruction.com
inspiration-03@2x-1-300x148.webp,data/campaigns/turboship/indexes/emails/2x-1-300x148.webp/inspiration-03.json,backfill,calvettabrothersmentor.com
footer-img_desktop@2x-1024x403.png,data/campaigns/turboship/indexes/emails/2x-1024x403.png/footer-img_desktop.json,backfill,bitly.com
image-1@2x-1-600x732.jpeg,data/campaigns/turboship/indexes/emails/2x-1-600x732.jpeg/image-1.json,backfill,shoplvpflooring.com
ic3@2x-100x100.png,data/campaigns/turboship/indexes/emails/2x-100x100.png/ic3.json,backfill,dallasflooringwarehouse.com
ic2@2x-100x100.png,data/campaigns/turboship/indexes/emails/2x-100x100.png/ic2.json,backfill,dallasflooringwarehouse.com
log2@2x-100x100.png,data/campaigns/turboship/indexes/emails/2x-100x100.png/log2.json,backfill,dallasflooringwarehouse.com
log1@2x-100x100.png,data/campaigns/turboship/indexes/emails/2x-100x100.png/log1.json,backfill,dallasflooringwarehouse.com
ic1@2x-100x100.png,data/campaigns/turboship/indexes/emails/2x-100x100.png/ic1.json,backfill,dallasflooringwarehouse.com
ic4@2x-100x100.png,data/campaigns/turboship/indexes/emails/2x-100x100.png/ic4.json,backfill,dallasflooringwarehouse.com
log4@2x-100x100.png,data/campaigns/turboship/indexes/emails/2x-100x100.png/log4.json,backfill,dallasflooringwarehouse.com
log3@2x-100x100.png,data/campaigns/turboship/indexes/emails/2x-100x100.png/log3.json,backfill,dallasflooringwarehouse.com
log5@2x-100x100.png,data/campaigns/turboship/indexes/emails/2x-100x100.png/log5.json,backfill,dallasflooringwarehouse.com
mepic2024@3x-qo5xxzbzko41vv2ib9d4m5uikwyvalmov7qelrl6hg.jpg,data/campaigns/turboship/indexes/emails/3x-qo5xxzbzko41vv2ib9d4m5uikwyvalmov7qelrl6hg.jpg/mepic2024.json,backfill,hardwoodgiant.com
footer-img_desktop@2x-300x118.png,data/campaigns/turboship/indexes/emails/2x-300x118.png/footer-img_desktop.json,backfill,bitly.com
image_@4x-1024x931.png,data/campaigns/turboship/indexes/emails/4x-1024x931.png/image_.json,backfill,courtexconstruction.com
11.3@3x-768x960.jpg,data/campaigns/turboship/indexes/emails/3x-768x960.jpg/11.3.json,backfill,ajhconstructionma.com
10.1@3x-768x960.jpg,data/campaigns/turboship/indexes/emails/3x-768x960.jpg/10.1.json,backfill,ajhconstructionma.com
badge_60_8@2x-qlpnad0r7g0y1h7mwurgbxvfln1cybjm3wqbzy00e8.png,data/campaigns/turboship/indexes/emails/2x-qlpnad0r7g0y1h7mwurgbxvfln1cybjm3wqbzy00e8.png/badge_60_8.json,backfill,clarksvilleconstruction.net
bfpeople@4x-600x60.png,data/campaigns/turboship/indexes/emails/4x-600x60.png/bfpeople.json,backfill,heroflooring.com
badge_44_8@2x-1-150x150.png,data/campaigns/turboship/indexes/emails/2x-1-150x150.png/badge_44_8.json,backfill,diamondcutgaragefloors.com
group-13889@2x-1024x616.png,data/campaigns/turboship/indexes/emails/2x-1024x616.png/group-13889.json,backfill,signaturefloorsnyc.com
handyman-logo@1x.png,data/campaigns/turboship/indexes/emails/1x.png/handyman-logo.json,backfill,shinestarfloors.com
snaplock_footer@1x.png,data/campaigns/turboship/indexes/emails/1x.png/snaplock_footer.json,backfill,snaplock.com
cropped-prancheta-2@3x-192x192.png,data/campaigns/turboship/indexes/emails/3x-192x192.png/cropped-prancheta-2.json,backfill,ajhconstructionma.com
clawes-flooring-announcement-banner@2x-800x450.png,data/campaigns/turboship/indexes/emails/2x-800x450.png/clawes-flooring-announcement-banner.json,backfill,clawesflooring.com
bfperformance@4x-2048x149.png,data/campaigns/turboship/indexes/emails/4x-2048x149.png/bfperformance.json,backfill,heroflooring.com
clawes-flooring-announcement-banner@2x-2048x1152.png,data/campaigns/turboship/indexes/emails/2x-2048x1152.png/clawes-flooring-announcement-banner.json,backfill,clawesflooring.com
copy-of-house42_maxxon_20210413-196@2x-768x716.jpg,data/campaigns/turboship/indexes/emails/2x-768x716.jpg/copy-of-house42_maxxon_20210413-196.json,backfill,structis.com/locations/connecticut
dscf2920@2x-768x716.jpg,data/campaigns/turboship/indexes/emails/2x-768x716.jpg/dscf2920.json,backfill,structis.com/locations/connecticut
house42_maxxon_20210604-26-copy@2x-768x716.jpg,data/campaigns/turboship/indexes/emails/2x-768x716.jpg/house42_maxxon_20210604-26-copy.json,backfill,structis.com/locations/connecticut
image_@2x-45.png,data/campaigns/turboship/indexes/emails/2x-45.png/image_.json,backfill,carolinacourtex.com
snaplock_footer@1x-200x39.png,data/campaigns/turboship/indexes/emails/1x-200x39.png/snaplock_footer.json,backfill,snaplock.com
slaughterbeckfloors-logo@2x-300x60.png,data/campaigns/turboship/indexes/emails/2x-300x60.png/slaughterbeckfloors-logo.json,backfill,slaughterbeckfloors.com
14.1@3x-1-819x1024.jpg,data/campaigns/turboship/indexes/emails/3x-1-819x1024.jpg/14.1.json,backfill,ajhconstructionma.com
seo-img@2x.jpg.webp,data/campaigns/turboship/indexes/emails/2x.jpg.webp/seo-img.json,backfill,agconstructionmd.com
m-seo-img@2x.jpg.webp,data/campaigns/turboship/indexes/emails/2x.jpg.webp/m-seo-img.json,backfill,agconstructionmd.com
nopath-copy-34@2x-768x883.png,data/campaigns/turboship/indexes/emails/2x-768x883.png/nopath-copy-34.json,backfill,signaturefloorsnyc.com
copy-of-house42_maxxon_20210413-196@2x-1024x955.jpg,data/campaigns/turboship/indexes/emails/2x-1024x955.jpg/copy-of-house42_maxxon_20210413-196.json,backfill,structis.com/locations/connecticut
dscf2920@2x-1024x955.jpg,data/campaigns/turboship/indexes/emails/2x-1024x955.jpg/dscf2920.json,backfill,structis.com/locations/connecticut
house42_maxxon_20210604-26-copy@2x-1024x955.jpg,data/campaigns/turboship/indexes/emails/2x-1024x955.jpg/house42_maxxon_20210604-26-copy.json,backfill,structis.com/locations/connecticut
image_@4x-7.png,data/campaigns/turboship/indexes/emails/4x-7.png/image_.json,backfill,courtexconstruction.com
daleclick_web@0.5x.png,data/campaigns/turboship/indexes/emails/0.5x.png/daleclick_web.json,backfill,northsidefloors.com
footer-img_mobile@2x-240x300.png,data/campaigns/turboship/indexes/emails/2x-240x300.png/footer-img_mobile.json,backfill,bitly.com
proseriesblackresize_260x@2x-rdjgv2ih0hyduvucaew6h4zrqcda3tk24re51tmwow.png,data/campaigns/turboship/indexes/emails/2x-rdjgv2ih0hyduvucaew6h4zrqcda3tk24re51tmwow.png/proseriesblackresize_260x.json,backfill,integritylaminateflooring.com
footer-img_desktop@2x-1536x605.png,data/campaigns/turboship/indexes/emails/2x-1536x605.png/footer-img_desktop.json,backfill,bitly.com
brand-toro@2x-300x172.png.webp,data/campaigns/turboship/indexes/emails/2x-300x172.png.webp/brand-toro.json,backfill,westlakehardware.com
brand-milwaukee@2x-300x172.png.webp,data/campaigns/turboship/indexes/emails/2x-300x172.png.webp/brand-milwaukee.json,backfill,westlakehardware.com
brand-craftsman@2x-300x172.png.webp,data/campaigns/turboship/indexes/emails/2x-300x172.png.webp/brand-craftsman.json,backfill,westlakehardware.com
mask@2x-1-300x189.jpeg,data/campaigns/turboship/indexes/emails/2x-1-300x189.jpeg/mask.json,backfill,shoplvpflooring.com
11.3@3x-768x960.jpg.webp,data/campaigns/turboship/indexes/emails/3x-768x960.jpg.webp/11.3.json,backfill,ajhconstructionma.com
10.1@3x-768x960.jpg.webp,data/campaigns/turboship/indexes/emails/3x-768x960.jpg.webp/10.1.json,backfill,ajhconstructionma.com
brush@2x-768x481.png,data/campaigns/turboship/indexes/emails/2x-768x481.png/brush.json,backfill,kashianbros.com
image_@4x-7-684x1024.png,data/campaigns/turboship/indexes/emails/4x-7-684x1024.png/image_.json,backfill,courtexconstruction.com
footer-img_desktop@2x-768x302.png,data/campaigns/turboship/indexes/emails/2x-768x302.png/footer-img_desktop.json,backfill,bitly.com
slaughterbeckfloors-logo@2x-36x7.png,data/campaigns/turboship/indexes/emails/2x-36x7.png/slaughterbeckfloors-logo.json,backfill,slaughterbeckfloors.com
prohome-logo@2x-300x219.webp,data/campaigns/turboship/indexes/emails/2x-300x219.webp/prohome-logo.json,backfill,prohomemi.com
image@2x-1-11x12.jpeg,data/campaigns/turboship/indexes/emails/2x-1-11x12.jpeg/image.json,backfill,shoplvpflooring.com
acgg2v-00000089545377560440191390000011318534170961065632-@4x-300x188.jpg,data/campaigns/turboship/indexes/emails/4x-300x188.jpg/acgg2v-00000089545377560440191390000011318534170961065632.json,backfill,courtexconstruction.com
11.3@3x-819x1024.jpg,data/campaigns/turboship/indexes/emails/3x-819x1024.jpg/11.3.json,backfill,ajhconstructionma.com
10.1@3x-819x1024.jpg,data/campaigns/turboship/indexes/emails/3x-819x1024.jpg/10.1.json,backfill,ajhconstructionma.com
bfperformance@4x-768x56.png,data/campaigns/turboship/indexes/emails/4x-768x56.png/bfperformance.json,backfill,heroflooring.com
13171@2x.jpg,data/campaigns/turboship/indexes/emails/2x.jpg/13171.json,backfill,modulardocks.com
screen-shot-2023-11-01-at-2.30.21-pm@2x.jpg,data/campaigns/turboship/indexes/emails/2x.jpg/screen-shot-2023-11-01-at-2.30.21-pm.json,backfill,structis.com
whatsappimage2025-07-22at3.09.37pm_300x300@2x.jpg,data/campaigns/turboship/indexes/emails/2x.jpg/whatsappimage2025-07-22at3.09.37pm_300x300.json,backfill,buyandsellfitness.com
about-us@2x.jpg,data/campaigns/turboship/indexes/emails/2x.jpg/about-us.json,backfill,miraclemethod.com
secure-3-bb@2x.jpg,data/campaigns/turboship/indexes/emails/2x.jpg/secure-3-bb.json,backfill,mail.yahoo.com
training@2x.jpg,data/campaigns/turboship/indexes/emails/2x.jpg/training.json,backfill,greater-charleston.pauldavis.com
whatsapp_image_2025-10-01_at_2.49.31_pm_2_-_edited_300x300@2x.jpg,data/campaigns/turboship/indexes/emails/2x.jpg/whatsapp_image_2025-10-01_at_2.49.31_pm_2_-_edited_300x300.json,backfill,buyandsellfitness.com
controller_345x345@2x.jpg,data/campaigns/turboship/indexes/emails/2x.jpg/controller_345x345.json,backfill,metrorubber.com
m-subdomain-process-img@2x.jpg,data/campaigns/turboship/indexes/emails/2x.jpg/m-subdomain-process-img.json,backfill,greater-charleston.pauldavis.com
17297@2x.jpg,data/campaigns/turboship/indexes/emails/2x.jpg/17297.json,backfill,modulardocks.com
excel-power-hack-squat-_pl-e-phs_rmodel4_300x300@2x.jpg,data/campaigns/turboship/indexes/emails/2x.jpg/excel-power-hack-squat-_pl-e-phs_rmodel4_300x300.json,backfill,buyandsellfitness.com
hs-12-sided-dumbbell-65-1000x1000_300x300@2x.jpg,data/campaigns/turboship/indexes/emails/2x.jpg/hs-12-sided-dumbbell-65-1000x1000_300x300.json,backfill,buyandsellfitness.com
qualityassurance@2x.jpg,data/campaigns/turboship/indexes/emails/2x.jpg/qualityassurance.json,backfill,greater-charleston.pauldavis.com
lf_adj_300x300@2x.jpg,data/campaigns/turboship/indexes/emails/2x.jpg/lf_adj_300x300.json,backfill,buyandsellfitness.com
ad48_370x230@2x.jpg,data/campaigns/turboship/indexes/emails/2x.jpg/ad48_370x230.json,backfill,theflooringfactory.com
whatsappimage2024-06-10at3.21.56pm_1_9a291936-519c-449f-ac17-e56ef24101c4_300x300@2x.jpg,data/campaigns/turboship/indexes/emails/2x.jpg/whatsappimage2024-06-10at3.21.56pm_1_9a291936-519c-449f-ac17-e56ef24101c4_300x300.json,backfill,buyandsellfitness.com
gateslogo-2_160x160@2x.jpg,data/campaigns/turboship/indexes/emails/2x.jpg/gateslogo-2_160x160.json,backfill,metrorubber.com
07b-web_300x300@2x.jpg,data/campaigns/turboship/indexes/emails/2x.jpg/07b-web_300x300.json,backfill,buyandsellfitness.com
hammer-strength-hd-athletic-half-rack-e1544717836481_300x300@2x.jpg,data/campaigns/turboship/indexes/emails/2x.jpg/hammer-strength-hd-athletic-half-rack-e1544717836481_300x300.json,backfill,buyandsellfitness.com
d8c2f2de-bc81-4511-a3a5-6a7de259708f_300x300@2x.jpg,data/campaigns/turboship/indexes/emails/2x.jpg/d8c2f2de-bc81-4511-a3a5-6a7de259708f_300x300.json,backfill,buyandsellfitness.com
copy-of-house42_maxxon_20210413-196@2x.jpg,data/campaigns/turboship/indexes/emails/2x.jpg/copy-of-house42_maxxon_20210413-196.json,backfill,structis.com/locations/connecticut
img_6622_240x240@2x.jpg,data/campaigns/turboship/indexes/emails/2x.jpg/img_6622_240x240.json,backfill,exoticrug.org
hero@2x.jpg,data/campaigns/turboship/indexes/emails/2x.jpg/hero.json,backfill,apco.com
round_rubber_olympic_plate_25-l_300x300@2x.jpg,data/campaigns/turboship/indexes/emails/2x.jpg/round_rubber_olympic_plate_25-l_300x300.json,backfill,buyandsellfitness.com
hp-composite@2x.jpg,data/campaigns/turboship/indexes/emails/2x.jpg/hp-composite.json,backfill,apco.com
mahal10x16_240x240@2x.jpg,data/campaigns/turboship/indexes/emails/2x.jpg/mahal10x16_240x240.json,backfill,exoticrug.org
download_1_300x300@2x.jpg,data/campaigns/turboship/indexes/emails/2x.jpg/download_1_300x300.json,backfill,buyandsellfitness.com
flexcorpblue_160x160@2x.jpg,data/campaigns/turboship/indexes/emails/2x.jpg/flexcorpblue_160x160.json,backfill,metrorubber.com
64e57c79189f4c7f6f85dd72196da50c@2x.jpg,data/campaigns/turboship/indexes/emails/2x.jpg/64e57c79189f4c7f6f85dd72196da50c.json,backfill,structis.com
17266@2x.jpg,data/campaigns/turboship/indexes/emails/2x.jpg/17266.json,backfill,modulardocks.com
m-certifiedteam-img@2x.jpg,data/campaigns/turboship/indexes/emails/2x.jpg/m-certifiedteam-img.json,backfill,greater-charleston.pauldavis.com
sub-claims-img@2x.jpg,data/campaigns/turboship/indexes/emails/2x.jpg/sub-claims-img.json,backfill,greater-charleston.pauldavis.com
80936a27-dbce-4caf-ae75-6107c5be0ae9_300x300@2x.jpg,data/campaigns/turboship/indexes/emails/2x.jpg/80936a27-dbce-4caf-ae75-6107c5be0ae9_300x300.json,backfill,buyandsellfitness.com
slider-1-b@2x.jpg,data/campaigns/turboship/indexes/emails/2x.jpg/slider-1-b.json,backfill,apco.com
st._peters_tv_logo_150x@2x.jpg,data/campaigns/turboship/indexes/emails/2x.jpg/st._peters_tv_logo_150x.json,backfill,stpetershardware.com
screen-shot-2023-11-01-at-2.30.40-pm@2x.jpg,data/campaigns/turboship/indexes/emails/2x.jpg/screen-shot-2023-11-01-at-2.30.40-pm.json,backfill,structis.com
group-138@2x.jpg,data/campaigns/turboship/indexes/emails/2x.jpg/group-138.json,backfill,structis.com/locations/connecticut
whatsappimage2025-09-10at15.20.23_80a136ea_300x300@2x.jpg,data/campaigns/turboship/indexes/emails/2x.jpg/whatsappimage2025-09-10at15.20.23_80a136ea_300x300.json,backfill,buyandsellfitness.com
19022@2x.jpg,data/campaigns/turboship/indexes/emails/2x.jpg/19022.json,backfill,modulardocks.com
whatsappimage2025-09-24at10.47.23pm_300x300@2x.jpg,data/campaigns/turboship/indexes/emails/2x.jpg/whatsappimage2025-09-24at10.47.23pm_300x300.json,backfill,buyandsellfitness.com
repeat-grid-61@2x.jpg,data/campaigns/turboship/indexes/emails/2x.jpg/repeat-grid-61.json,backfill,hannonfloors.com
whatsappimage2024-12-05at11.49.33am_32208516-0c8a-41c9-b296-e23f2551958b_300x300@2x.jpg,data/campaigns/turboship/indexes/emails/2x.jpg/whatsappimage2024-12-05at11.49.33am_32208516-0c8a-41c9-b296-e23f2551958b_300x300.json,backfill,buyandsellfitness.com
screen-shot-2023-11-01-at-2.29.55-pm@2x.jpg,data/campaigns/turboship/indexes/emails/2x.jpg/screen-shot-2023-11-01-at-2.29.55-pm.json,backfill,structis.com
whatsappimage2025-09-02at11.38.53am_7a613c54-85b3-4d9a-ae6f-9a98e08d66f8_300x300@2x.jpg,data/campaigns/turboship/indexes/emails/2x.jpg/whatsappimage2025-09-02at11.38.53am_7a613c54-85b3-4d9a-ae6f-9a98e08d66f8_300x300.json,backfill,buyandsellfitness.com
2-bb@2x.jpg,data/campaigns/turboship/indexes/emails/2x.jpg/2-bb.json,backfill,mail.yahoo.com
slider-3@2x.jpg,data/campaigns/turboship/indexes/emails/2x.jpg/slider-3.json,backfill,apco.com
image_e4f8e722-f32d-4fb8-8e31-53076b3ed089_60x60@2x.jpg,data/campaigns/turboship/indexes/emails/2x.jpg/image_e4f8e722-f32d-4fb8-8e31-53076b3ed089_60x60.json,backfill,buyandsellfitness.com
camlock_345x345@2x.jpg,data/campaigns/turboship/indexes/emails/2x.jpg/camlock_345x345.json,backfill,metrorubber.com
dscf2920@2x.jpg,data/campaigns/turboship/indexes/emails/2x.jpg/dscf2920.json,backfill,structis.com/locations/connecticut
248_240x240@2x.jpg,data/campaigns/turboship/indexes/emails/2x.jpg/248_240x240.json,backfill,exoticrug.org
6a-port-north-bridge-s-dsc_9203@2x.jpg,data/campaigns/turboship/indexes/emails/2x.jpg/6a-port-north-bridge-s-dsc_9203.json,backfill,structis.com
whatsappimage2024-12-05at11.49.34am_4_300x300@2x.jpg,data/campaigns/turboship/indexes/emails/2x.jpg/whatsappimage2024-12-05at11.49.34am_4_300x300.json,backfill,buyandsellfitness.com
cast_iron_kettlebells_300x300@2x.jpg,data/campaigns/turboship/indexes/emails/2x.jpg/cast_iron_kettlebells_300x300.json,backfill,buyandsellfitness.com
anti-spam-1.0.1@2x.jpg,data/campaigns/turboship/indexes/emails/2x.jpg/anti-spam-1.0.1.json,backfill,mail.yahoo.com
whatsappimage2024-12-05at11.49.34am_2_300x300@2x.jpg,data/campaigns/turboship/indexes/emails/2x.jpg/whatsappimage2024-12-05at11.49.34am_2_300x300.json,backfill,buyandsellfitness.com
showroom@2x.jpg,data/campaigns/turboship/indexes/emails/2x.jpg/showroom.json,backfill,apco.com
refurbished_technogym_artis_recumbent_bike_300x300@2x.jpg,data/campaigns/turboship/indexes/emails/2x.jpg/refurbished_technogym_artis_recumbent_bike_300x300.json,backfill,buyandsellfitness.com
subdomain-commercial-img@2x.jpg,data/campaigns/turboship/indexes/emails/2x.jpg/subdomain-commercial-img.json,backfill,greater-charleston.pauldavis.com
1b@2x.jpg,data/campaigns/turboship/indexes/emails/2x.jpg/1b.json,backfill,mail.yahoo.com
sunrooms@2x.jpg,data/campaigns/turboship/indexes/emails/2x.jpg/sunrooms.json,backfill,apco.com
a043a1a3-a934-4985-856f-4014bf359f1e_300x300@2x.jpg,data/campaigns/turboship/indexes/emails/2x.jpg/a043a1a3-a934-4985-856f-4014bf359f1e_300x300.json,backfill,buyandsellfitness.com
gutters@2x.jpg,data/campaigns/turboship/indexes/emails/2x.jpg/gutters.json,backfill,apco.com
e37f398b1e284cf5bb1bef649764fbd9@2x.jpg,data/campaigns/turboship/indexes/emails/2x.jpg/e37f398b1e284cf5bb1bef649764fbd9.json,backfill,structis.com
236_240x240@2x.jpg,data/campaigns/turboship/indexes/emails/2x.jpg/236_240x240.json,backfill,exoticrug.org
decks@2x.jpg,data/campaigns/turboship/indexes/emails/2x.jpg/decks.json,backfill,apco.com
slide1@2x.jpg,data/campaigns/turboship/indexes/emails/2x.jpg/slide1.json,backfill,northsidefloors.com
whatsappimage2025-12-11at3.34.56pm_300x300@2x.jpg,data/campaigns/turboship/indexes/emails/2x.jpg/whatsappimage2025-12-11at3.34.56pm_300x300.json,backfill,buyandsellfitness.com
img-get-in-touch-with-us@2x.jpg,data/campaigns/turboship/indexes/emails/2x.jpg/img-get-in-touch-with-us.json,backfill,londonderrysatchel.com
1@2x.jpg,data/campaigns/turboship/indexes/emails/2x.jpg/1.json,backfill,mail.yahoo.com
subdomain-process-img@2x.jpg,data/campaigns/turboship/indexes/emails/2x.jpg/subdomain-process-img.json,backfill,greater-charleston.pauldavis.com
slider-4@2x.jpg,data/campaigns/turboship/indexes/emails/2x.jpg/slider-4.json,backfill,apco.com
mask-group-2@2x.jpg,data/campaigns/turboship/indexes/emails/2x.jpg/mask-group-2.json,backfill,hannonfloors.com
excel-base-plate-loaded-hip-thruster-_pl-b-ht_mmodel2_784868a9-4e6d-4234-9588-b74b9bc92273_300x300@2x.jpg,data/campaigns/turboship/indexes/emails/2x.jpg/excel-base-plate-loaded-hip-thruster-_pl-b-ht_mmodel2_784868a9-4e6d-4234-9588-b74b9bc92273_300x300.json,backfill,buyandsellfitness.com
icon-window@2x.jpg,data/campaigns/turboship/indexes/emails/2x.jpg/icon-window.json,backfill,apco.com
8973bpcs-treadmill-arcticsilver-discoverse3hd-standardview-1000x1000_300x300@2x.jpg,data/campaigns/turboship/indexes/emails/2x.jpg/8973bpcs-treadmill-arcticsilver-discoverse3hd-standardview-1000x1000_300x300.json,backfill,buyandsellfitness.com
siding@2x.jpg,data/campaigns/turboship/indexes/emails/2x.jpg/siding.json,backfill,apco.com
hyd_constant_pressure_bundle_345x345@2x.jpg,data/campaigns/turboship/indexes/emails/2x.jpg/hyd_constant_pressure_bundle_345x345.json,backfill,metrorubber.com
17264@2x.jpg,data/campaigns/turboship/indexes/emails/2x.jpg/17264.json,backfill,modulardocks.com
emergencyresp@2x.jpg,data/campaigns/turboship/indexes/emails/2x.jpg/emergencyresp.json,backfill,greater-charleston.pauldavis.com
whatsappimage2025-04-15at3.09.37pm_300x300@2x.jpg,data/campaigns/turboship/indexes/emails/2x.jpg/whatsappimage2025-04-15at3.09.37pm_300x300.json,backfill,buyandsellfitness.com
whatsappimage2025-09-24at11.06.00pm_300x300@2x.jpg,data/campaigns/turboship/indexes/emails/2x.jpg/whatsappimage2025-09-24at11.06.00pm_300x300.json,backfill,buyandsellfitness.com
certifiedteam-img@2x.jpg,data/campaigns/turboship/indexes/emails/2x.jpg/certifiedteam-img.json,backfill,greater-charleston.pauldavis.com
hp-eze@2x.jpg,data/campaigns/turboship/indexes/emails/2x.jpg/hp-eze.json,backfill,apco.com
4@2x.jpg,data/campaigns/turboship/indexes/emails/2x.jpg/4.json,backfill,mail.yahoo.com
slider-2-b@2x.jpg,data/campaigns/turboship/indexes/emails/2x.jpg/slider-2-b.json,backfill,apco.com
whatsappimage2025-09-24at10.56.03pm_300x300@2x.jpg,data/campaigns/turboship/indexes/emails/2x.jpg/whatsappimage2025-09-24at10.56.03pm_300x300.json,backfill,buyandsellfitness.com
pd-home-hero@2x.jpg,data/campaigns/turboship/indexes/emails/2x.jpg/pd-home-hero.json,backfill,greater-charleston.pauldavis.com
smart-mobile-1@2x.jpg,data/campaigns/turboship/indexes/emails/2x.jpg/smart-mobile-1.json,backfill,mail.yahoo.com
hp-vinyl-b@2x.jpg,data/campaigns/turboship/indexes/emails/2x.jpg/hp-vinyl-b.json,backfill,apco.com
seo-img@2x.jpg,data/campaigns/turboship/indexes/emails/2x.jpg/seo-img.json,backfill,agconstructionmd.com
kanaflex_160x160@2x.jpg,data/campaigns/turboship/indexes/emails/2x.jpg/kanaflex_160x160.json,backfill,metrorubber.com
leg-extension_seated-leg-curl-combo-gc-5055_300x300@2x.jpg,data/campaigns/turboship/indexes/emails/2x.jpg/leg-extension_seated-leg-curl-combo-gc-5055_300x300.json,backfill,buyandsellfitness.com
dscf0221-edit_300x300@2x.jpg,data/campaigns/turboship/indexes/emails/2x.jpg/dscf0221-edit_300x300.json,backfill,buyandsellfitness.com
3@2x.jpg,data/campaigns/turboship/indexes/emails/2x.jpg/3.json,backfill,mail.yahoo.com
delete-by-sender-1.0.1@2x.jpg,data/campaigns/turboship/indexes/emails/2x.jpg/delete-by-sender-1.0.1.json,backfill,mail.yahoo.com
hp-double-hung-window@2x.jpg,data/campaigns/turboship/indexes/emails/2x.jpg/hp-double-hung-window.json,backfill,apco.com
copy-of-house42_maxxon_20210413-154@2x.jpg,data/campaigns/turboship/indexes/emails/2x.jpg/copy-of-house42_maxxon_20210413-154.json,backfill,structis.com
doors@2x.jpg,data/campaigns/turboship/indexes/emails/2x.jpg/doors.json,backfill,apco.com
house42_maxxon_20210604-26-copy@2x.jpg,data/campaigns/turboship/indexes/emails/2x.jpg/house42_maxxon_20210604-26-copy.json,backfill,structis.com/locations/connecticut
whatsappimage2025-09-09at15.42.40_4fd1f6ca_300x300@2x.jpg,data/campaigns/turboship/indexes/emails/2x.jpg/whatsappimage2025-09-09at15.42.40_4fd1f6ca_300x300.json,backfill,buyandsellfitness.com
m-subdomain-form-img@2x.jpg,data/campaigns/turboship/indexes/emails/2x.jpg/m-subdomain-form-img.json,backfill,greater-charleston.pauldavis.com
slider-5@2x.jpg,data/campaigns/turboship/indexes/emails/2x.jpg/slider-5.json,backfill,apco.com
123_11@2x.jpg,data/campaigns/turboship/indexes/emails/2x.jpg/123_11.json,backfill,structis.com
hannaylogostacked_4c_160x160@2x.jpg,data/campaigns/turboship/indexes/emails/2x.jpg/hannaylogostacked_4c_160x160.json,backfill,metrorubber.com
smart-mobile-1c@2x.jpg,data/campaigns/turboship/indexes/emails/2x.jpg/smart-mobile-1c.json,backfill,mail.yahoo.com
whatsappimage2025-09-10at4.01.00pm_1_7437fd81-2345-4fc1-a3bb-11a9df4731ed_300x300@2x.jpg,data/campaigns/turboship/indexes/emails/2x.jpg/whatsappimage2025-09-10at4.01.00pm_1_7437fd81-2345-4fc1-a3bb-11a9df4731ed_300x300.json,backfill,buyandsellfitness.com
img-comprehensive-flooring-services@2x.jpg,data/campaigns/turboship/indexes/emails/2x.jpg/img-comprehensive-flooring-services.json,backfill,londonderrysatchel.com
whatsappimage2025-09-24at9.45.56pm_2_300x300@2x.jpg,data/campaigns/turboship/indexes/emails/2x.jpg/whatsappimage2025-09-24at9.45.56pm_2_300x300.json,backfill,buyandsellfitness.com
innovation@2x.jpg,data/campaigns/turboship/indexes/emails/2x.jpg/innovation.json,backfill,greater-charleston.pauldavis.com
whatsapp_image_2025-09-24_at_11.12.14_pm_300x300@2x.jpg,data/campaigns/turboship/indexes/emails/2x.jpg/whatsapp_image_2025-09-24_at_11.12.14_pm_300x300.json,backfill,buyandsellfitness.com
subdomain-team-img@2x.jpg,data/campaigns/turboship/indexes/emails/2x.jpg/subdomain-team-img.json,backfill,greater-charleston.pauldavis.com
windows@2x.jpg,data/campaigns/turboship/indexes/emails/2x.jpg/windows.json,backfill,apco.com
m-seo-img@2x.jpg,data/campaigns/turboship/indexes/emails/2x.jpg/m-seo-img.json,backfill,agconstructionmd.com
hp-entry-door@2x.jpg,data/campaigns/turboship/indexes/emails/2x.jpg/hp-entry-door.json,backfill,apco.com
whatsappimage2025-09-09at15.42.40_00763b61_300x300@2x.jpg,data/campaigns/turboship/indexes/emails/2x.jpg/whatsappimage2025-09-09at15.42.40_00763b61_300x300.json,backfill,buyandsellfitness.com
3jvtsf-00000157307826841687584950000017025051270369838500-@4x-1.png,data/campaigns/turboship/indexes/emails/4x-1.png/3jvtsf-00000157307826841687584950000017025051270369838500.json,backfill,courtexconstruction.com
bsdvaq@4x-1.png,data/campaigns/turboship/indexes/emails/4x-1.png/bsdvaq.json,backfill,carolinacourtex.com
path_@2x-2.png,data/campaigns/turboship/indexes/emails/2x-2.png/path_.json,backfill,carolinacourtex.com
log4@2x.png.bv.webp,data/campaigns/turboship/indexes/emails/2x.png.bv.webp/log4.json,backfill,peekscarpet.com
log3@2x.png.bv.webp,data/campaigns/turboship/indexes/emails/2x.png.bv.webp/log3.json,backfill,peekscarpet.com
log5@2x.png.bv.webp,data/campaigns/turboship/indexes/emails/2x.png.bv.webp/log5.json,backfill,peekscarpet.com
m-seo-img@3x.jpg.webp,data/campaigns/turboship/indexes/emails/3x.jpg.webp/m-seo-img.json,backfill,agconstructionmd.com
inspiration-02@2x-1-484x1024.webp,data/campaigns/turboship/indexes/emails/2x-1-484x1024.webp/inspiration-02.json,backfill,calvettabrothersmentor.com
badge_41_8@2x-150x150.png,data/campaigns/turboship/indexes/emails/2x-150x150.png/badge_41_8.json,backfill,diamondcutgaragefloors.com
ic3@2x-150x150.png,data/campaigns/turboship/indexes/emails/2x-150x150.png/ic3.json,backfill,dallasflooringwarehouse.com
ic2@2x-150x150.png,data/campaigns/turboship/indexes/emails/2x-150x150.png/ic2.json,backfill,dallasflooringwarehouse.com
badge_22_8@2x-150x150.png,data/campaigns/turboship/indexes/emails/2x-150x150.png/badge_22_8.json,backfill,diamondcutgaragefloors.com
ic1@2x-150x150.png,data/campaigns/turboship/indexes/emails/2x-150x150.png/ic1.json,backfill,dallasflooringwarehouse.com
ic4@2x-150x150.png,data/campaigns/turboship/indexes/emails/2x-150x150.png/ic4.json,backfill,dallasflooringwarehouse.com
affiliate-5@2x-1.png.webp,data/campaigns/turboship/indexes/emails/2x-1.png.webp/affiliate-5.json,backfill,agconstructionmd.com
mask-group-9@2x-1024x788.png,data/campaigns/turboship/indexes/emails/2x-1024x788.png/mask-group-9.json,backfill,signaturefloorsnyc.com
badge125_125@2x-150x150-1.png,data/campaigns/turboship/indexes/emails/2x-150x150-1.png/badge125_125.json,backfill,iwanosons.com
logo-lockup-mint@3x-480x85.png.webp,data/campaigns/turboship/indexes/emails/3x-480x85.png.webp/logo-lockup-mint.json,backfill,flooredsolutions.com
visualizer-phone-inner@2x-1-223x300.webp,data/campaigns/turboship/indexes/emails/2x-1-223x300.webp/visualizer-phone-inner.json,backfill,floorconceptsinc.com
inspiration-03@2x-1-1024x505.webp,data/campaigns/turboship/indexes/emails/2x-1-1024x505.webp/inspiration-03.json,backfill,calvettabrothersmentor.com
image_@2x-46.png,data/campaigns/turboship/indexes/emails/2x-46.png/image_.json,backfill,carolinacourtex.com
alt-logo_dk-bg@2x-1.png,data/campaigns/turboship/indexes/emails/2x-1.png/alt-logo_dk-bg.json,backfill,anointedflooring.com
affiliate-5@2x-1.png,data/campaigns/turboship/indexes/emails/2x-1.png/affiliate-5.json,backfill,agconstructionmd.com
logo-aqua@2x-1.png,data/campaigns/turboship/indexes/emails/2x-1.png/logo-aqua.json,backfill,kashianbros.com
badge_44_8@2x-1.png,data/campaigns/turboship/indexes/emails/2x-1.png/badge_44_8.json,backfill,diamondcutgaragefloors.com
clawes-flooring-announcement-banner@2x-768x432.png,data/campaigns/turboship/indexes/emails/2x-768x432.png/clawes-flooring-announcement-banner.json,backfill,clawesflooring.com
